seq_id,site_id,geo_tract,add_num,add_str,zipcode,muni,nhood,prop_name,year_blt,company,park_incl,cost_space,park_add,nrs_tserv,hou_type,rnt_studio,rnt_unit1,rnt_unit2,rnt_unit3,rnt_unit_t,cnd_studio,cnd_unit1,cnd_unit2,cnd_unit3,cnd_unit_t,vac_studio,vac_unit1,vac_unit2,vac_unit3,vac_unit_t,sub_studio,sub_unit1,sub_unit2,sub_unit3,sub_unit_t,cost_apt_s,cost_apt_1,cost_apt_2,cost_apt_3,cost_cnd_s,cost_cnd_1,cost_cnd_2,cost_cnd_3,ov_lot_spc,ov_gar_spc,ov_lot_veh,ov_gar_veh,ov_spc,ov_veh,ov_empt,apt_unit_t,apt_occu_t,util_rate,park_dem,park_sup,supply_tot,x_coord,y_coord,ct_pop_tot,bg_pop_den,bg_emp_den,bg_act_den,walk_score,jobs_30min,mbta_rapid,mbta_crail,bldg_agec,bldg_szec,rental,bldg_affp,bldg_bed1,bldg_bed2,bldg_bed3,avg_bedrms,bldg_bed1p,bldg_bed2p,bldg_bed3p,rent_punit,rent_proom,sfc_vs_gar,park_bike,park_bund,park_cost,cost_v_unt,cost_v_brm,phase
1300,101,25025160300,1-21,Boatswains Way,2150,Chelsea,0,1-21 Boatswains Way,1987,0,Yes,0,Residents may rent spaces from one another,f,Condominiums,0,0,0,0,0,0,0,43,0,43,0,0,0,0,0,0,0,0,0,0,0,0,0,0,0,0,0,0,86,0,40,0,86,40,46,43,43,0.47,0.93,2,2,42.3905,-71.0463,2476,19.33,3.6,22.93,59,23089,f,f,2,2,0,0,0,43,0,2,0,1,0,0,0,0,f,1,0,0,0,phase 1 & 2
1301,102,25017353200,1,Brookline Place,2139,Cambridge,Central,Auburn Court,2001,Winn Residential,Yes,0,There is no option for additional parking,f,Apartments,0,27,79,31,137,0,0,0,0,0,0,0,3,0,3,0,3,44,22,69,0,2250,2750,3000,0,0,0,0,82,0,60,0,82,60,22,137,134,0.73,0.45,0.61,0.6,42.3624,-71.102,5131,54.78,13.16,67.94,97,474490,t,f,3,3,1,0.5,27,77,30,2.02,0.2,0.57,0.22,2708.03,1334.53,0,t,1,0,0,0,phase 1 & 2
1302,103,25017354900,1,Jackson Place,2140,Cambridge,Alewife,Jefferson Park New,1940,Cambridge Housing Authority,No,$0,There is no option for additional parking,f,Apartments,0,32,53,19,104,0,0,0,0,0,0,20,25,8,53,0,32,53,19,104,0,1250,1750,1750,0,0,0,0,75,0,60,0,75,60,15,104,51,0.8,1.18,1.47,0.72,42.3927,-71.1353,7195,94.36,3.53,97.9,81,77969,t,f,1,3,1,1,16,26,9,1.86,0.31,0.51,0.18,1596.15,851.28,0,f,0,0,0,0,phase 1 & 2
1303,104,25017352101,1,Leighton Street,2141,Cambridge,East Cambridge,Avalon North Point,2008,Avalon Bay Communities,0,0,0,f,Apartments,55,191,162,18,426,0,0,0,0,0,0,0,0,0,9,0,0,0,0,0,2750,3000,3000,3000,0,0,0,0,0,424,0,203,424,203,221,529,520,0.48,0.39,0.82,0.8,42.3698,-71.0731,1915,29.48,3.23,32.71,80,369424,t,f,3,3,1,0,300,198,22,1.47,0.58,0.38,0.04,2967.72,2026.04,424,t,0,0,0,0,phase 1 & 2
1304,105,25025020303,1,Nashua Street,2114,Boston,Downtown,Avalon North Station,2016,Avalon Bay Communities,No,$400,0,f,Apartments,0,0,0,0,503,0,0,0,0,0,0,0,0,0,80,0,0,0,0,50,0,0,0,0,0,0,0,0,0,199,0,161,199,161,38,503,423,0.81,0.38,0.47,0.4,42.3659,-71.0635,3818,14.66,147.66,162.32,96,586964,t,t,3,3,1,0.1,226,172,25,1.52,0.53,0.41,0.06,0,0,199,f,0,400,0,0,phase 1 & 2
1305,106,25017355000,1,Whittemore Avenue,2139,Cambridge,North Cambridge,Linea Cambridge,2015,Nordblom Company,Yes,0,There is no option for additional parking,f,Apartments,0,20,20,17,57,0,0,0,0,0,0,0,0,0,0,0,2,4,2,8,0,2750,3000,3000,0,0,0,0,64,0,38,0,64,38,26,57,57,0.59,0.67,1.12,1.12,42.3984,-71.1338,3157,20.48,19.64,40.12,79,64238,t,f,3,2,1,0.14,20,20,17,1.95,0.35,0.35,0.3,2912.28,1495.5,0,f,1,0,0,0,phase 1 & 2
1306,107,25025160501,10,Forsythe Street,2150,Chelsea,0,10 Forsythe Street,1980,0,Yes,$0,If a unit request an additional parking space; they must pay for the space separate from the rental price,f,Apartments,0,56,43,9,108,0,0,0,0,0,0,1,4,0,5,0,56,43,9,108,0,1101,1321,1526,0,0,0,0,24,47,13,47,71,60,11,108,103,0.85,0.58,0.69,0.66,42.399,-71.0306,5145,77.36,3.1,80.46,83,74559,f,t,2,3,1,1,53,41,9,1.57,0.51,0.4,0.09,1224.01,782.21,1.96,f,1,0,0,0,phase 1 & 2
1307,108,25025050300,10,New Street,2128,Boston,East Boston,The Eddy,2016,Greystar,No,$150,Parking is not included with rent/purchase price-- residents pay for each space requested,f,Apartments,69,138,52,0,259,0,0,0,0,0,3,2,3,0,8,0,0,0,0,0,2250,2750,3000,0,0,0,0,0,0,119,0,88,119,88,31,259,251,0.74,0.35,0.47,0.459459,42.3713,-71.0441,2288,11.41,9.65,21.06,82,313427,t,f,3,3,1,0,201,50,0,1.2,0.8,0.2,0,2666.99,2221.06,119,t,0,150,0.06,0.07,phase 1 & 2
1308,109,25017341300,100-150,Exchange Street,2148,Malden,0,Exchange Street Apartments,2017,Combined Properties,No,$100,Parking is not included with rent/purchase price-- residents pay for each space requested,t,Apartments,22,98,90,0,210,0,0,0,0,0,0,3,1,0,4,0,0,0,0,0,1750,2250,2750,0,0,0,0,0,31,126,4,106,157,110,47,210,206,0.7,0.53,0.76,0.75,42.4258,-71.0708,5363,4.58,30.18,34.75,94,145706,t,t,3,3,1,0,118,88,0,1.43,0.57,0.43,0,2411.9,1688.33,4.06,t,0,100,0.04,0.06,phase 1 & 2
1309,110,25025160300,94,Captains Row,2150,Chelsea,0,94 Captains Row,1987,0,Yes,0,Residents may rent spaces from one another,f,Condominiums,0,0,0,0,0,0,16,16,0,32,0,0,0,0,0,0,0,0,0,0,0,0,0,0,0,0,0,0,65,0,37,0,65,37,28,32,32,0.57,1.16,2.03,2.03,42.389,-71.0448,2476,19.33,3.6,22.93,70,35416,f,f,2,2,0,0,16,16,0,1.5,0.5,0.5,0,0,0,0,f,1,0,0,0,phase 1 & 2
1310,111,25025160400,100,Heard Street,2150,Chelsea,0,One North of Boston,2014,0,Yes,$100 for garage,Parking is provided on a first come; first served basis,f,Apartments,32,143,47,8,230,0,0,0,0,0,1,0,0,0,1,0,0,0,0,0,1565,1749,2038,2675,0,0,0,0,158,85,142,55,243,197,46,230,229,0.81,0.86,1.06,1.06,42.3983,-71.0368,3054,5.1,25.52,30.61,84,84706,f,t,3,3,1,0,174,47,8,1.28,0.76,0.21,0.03,1814.67,1424.48,0.54,t,1,100,0.06,0.07,phase 1 & 2
1311,112,25025010403,100,Norway Street,2115,Boston,Fenway/Kenmore,Morville House,2005,0,No,0,There is no option for additional parking,f,Apartments,98,47,0,0,145,0,0,0,0,0,0,1,0,0,1,98,47,0,0,145,2250,2750,0,0,0,0,0,0,32,0,17,0,32,17,15,145,144,0.53,0.12,0.22,0.22,42.3449,-71.0883,2869,110.12,11.07,121.19,98,526629,t,f,3,3,1,1,144,0,0,1,1,0,0,2412.07,2412.07,0,f,0,0,0,0,phase 1 & 2
1312,113,25025160601,100,Stockton Street,2150,Chelsea,0,Parkside Commons,2009,Corcoran Management,No,$60,Parking is not included with rent/purchase price-- residents pay for each space requested,t,Apartments,14,125,96,3,238,0,0,0,0,0,2,2,3,0,7,3,10,10,1,24,1750,1750,2250,3000,0,0,0,0,0,235,0,242,235,242,-7,238,231,1,1.05,1.02,0.99,42.4024,-71.022,4833,23.82,6.47,30.3,73,25610,f,f,3,3,1,0.1,135,93,3,1.43,0.58,0.4,0.01,1967.44,1377.21,235,f,0,60,0.03,0.04,phase 1 & 2
1313,114,25017370102,100,Woodview Way,2472,Watertown,0,Bell Watertown Apartments,2013,Bell Partners,No,0,There is no option for additional parking,f,Apartments,0,81,73,1,155,0,0,0,0,0,0,2,2,0,4,0,8,8,0,16,0,2300,2800,4000,0,0,0,0,240,0,201,0,240,201,39,155,151,0.84,1.33,1.59,1.55,42.3698,-71.2102,7938,6.87,7.58,14.45,63,23761,f,f,3,3,1,0.1,79,71,1,1.48,0.52,0.47,0.01,2546.45,1716.09,0,t,0,0,0,0,phase 1 & 2
1314,115,25017336401,1000,Stone Place,2176,Melrose,0,Jack Flats,2015,Bozzuto,No,$50-$125,Parking is not included with rent/purchase price-- residents pay for each space requested,f,Apartments,8,86,84,15,193,0,0,0,0,0,0,0,0,0,62,0,9,8,2,13,2250,2250,2750,3000,0,0,0,0,212,63,172,54,275,226,49,193,131,0.82,1.73,2.1,1.42,42.4433,-71.0712,4744,7.38,1.01,8.39,42,38815,t,f,3,3,1,0.07,64,57,10,1.59,0.49,0.44,0.08,2525.91,1587.95,0.3,f,0,50,0.02,0.03,phase 1 & 2
1315,116,25025020303,101,Canal Street,2114,Boston,Downtown,Avenir Apartments,2010,Equity Residential,No,$400,Parking is not included with rent/purchase price-- residents pay for each space requested,f,Apartments,5,126,110,0,241,0,0,0,0,0,1,5,4,0,10,0,0,0,0,17,2750,3000,3000,0,0,0,0,0,0,112,0,66,112,66,46,241,231,0.59,0.29,0.48,0.46,42.365,-71.0603,3818,14.66,147.66,162.32,98,559494,t,t,3,3,1,0.07,126,105,0,1.45,0.55,0.45,0,2994.81,2056.27,112,t,0,400,0.13,0.19,phase 1 & 2
1316,117,25025081100,101,S Huntington Avenue,2130,Boston,Jamaica Plain,Serenity,2017,Greystar,No,$275,Parking is not included with rent/purchase price-- residents pay for each space requested,f,Apartments,0,0,0,0,195,0,0,0,0,0,0,0,0,0,6,0,0,0,0,0,0,0,0,0,0,0,0,0,0,97,0,82,97,82,15,195,189,0.85,0.43,0.51,0.5,42.3294,-71.1115,4134,33.47,19.38,52.84,75,180863,t,f,3,3,1,0,101,77,11,1.52,0.53,0.41,0.06,0,0,97,t,0,275,0,0,phase 1 & 2
1317,118,25017341300,1038,Main Street,2148,Malden,0,1038 Main Street,1967,0,Yes,0,There is no option for additional parking,f,Apartments,0,35,83,0,118,0,0,0,0,0,0,0,0,0,0,0,0,0,0,0,0,1200,1400,0,0,0,0,0,139,0,128,0,139,128,11,118,118,0.92,1.08,1.18,1.18,42.4389,-71.0685,5363,29.55,2.93,32.49,45,27179,t,f,2,3,1,0,35,83,0,1.7,0.3,0.7,0,1340.68,787.06,0,t,1,0,0,0,phase 1 & 2
1318,119,25017370101,1060,Belmont Street,2472,Watertown,0,1060 Belmont,2010,Maloney Properties,Yes,0,Parking is provided on a first come; first served basis,f,Apartments,1,3,14,0,18,0,0,0,0,0,0,0,0,0,0,1,3,14,0,18,1000,1250,1250,0,0,0,0,0,21,0,15,0,21,15,6,18,18,0.71,0.83,1.17,1.17,42.3822,-71.197,7582,24.05,0.64,24.69,67,18890,f,f,3,1,1,1,4,14,0,1.78,0.22,0.78,0,1236.11,695.31,0,t,1,0,0,0,phase 1 & 2
1319,120,25017352700,1064,Cambridge Street,2139,Cambridge,Inman,Elm Place,2011,Just-A-Start Corp,Yes,0,There is no option for additional parking,f,Apartments,0,3,10,6,19,0,0,0,0,0,0,0,0,0,0,0,0,4,4,8,0,1250,1250,1750,0,0,0,0,19,0,12,0,19,12,7,19,19,0.63,0.63,1,1,42.373,-71.0951,2204,39.86,26.63,66.49,95,258815,f,f,3,1,1,0.42,3,10,6,2.16,0.16,0.53,0.32,1407.89,652.44,0,f,1,0,0,0,phase 1 & 2
1320,121,25017336402,108,Emerson West Street,2176,Melrose,0,108 Emerson West Street,1961,0,Yes,0,Parking is provided on a first come; first served basis,f,Apartments,0,0,30,0,30,0,0,0,0,0,0,0,3,0,3,0,0,3,0,3,0,0,1750,0,0,0,0,0,37,0,31,0,37,31,6,30,27,0.84,1.15,1.37,1.23,42.4589,-71.0681,5079,17.36,20.17,37.53,87,17597,f,t,2,2,1,0.1,0,27,0,2,0,1,0,1750,875,0,f,1,0,0,0,phase 1 & 2
1321,122,25025160200,11,Congress Avenue,2150,Chelsea,0,11 Congress Avenue,1995,0,Yes,0,0,f,Apartments,0,2,19,2,23,0,0,0,0,0,0,0,0,0,0,0,2,19,2,23,0,950,1200,1700,0,0,0,0,13,0,9,0,13,9,4,23,23,0.69,0.39,0.57,0.57,42.3905,-71.0378,4357,56.03,39.5,95.53,89,212909,f,t,2,1,1,1,2,19,2,2,0.09,0.83,0.09,1221.74,610.87,0,f,1,0,0,0,phase 1 & 2
1322,123,25025020303,110,Beverly Street,2114,Boston,Downtown,The Victor by Windsor,2015,Windsor Communities,No,$425-$500,Parking is not included with rent/purchase price-- residents pay for each space requested,f,Apartments,44,170,72,0,286,0,0,0,0,0,1,3,1,0,5,1,8,1,0,10,2750,3000,3000,0,0,0,0,0,0,99,0,99,99,99,0,286,281,1,0.35,0.35,0.35,42.3654,-71.06,3818,14.66,147.66,162.32,97,557554,t,t,3,3,1,0.03,210,71,0,1.25,0.75,0.25,0,2961.54,2365.92,99,f,0,425,0.14,0.18,phase 1 & 2
1323,124,25017341200,111,Devir Street,2148,Malden,0,111 Devir Street,1980,0,0,0,0,f,Condominiums,0,0,0,0,0,0,0,0,0,0,0,0,0,0,0,0,0,0,0,0,0,0,0,0,0,0,0,0,48,0,28,0,48,28,20,28,28,0.58,1,1.71,1.71,42.4161,-71.0822,7152,14.54,10.2,24.74,64,20204,f,f,2,2,0,0,12,13,3,1.68,0.43,0.46,0.11,0,0,0,f,0,0,0,0,phase 1 & 2
1324,125,25025100100,112-158,Bernard Street,2124,Boston,Dorchester,Talbot Bernard Homes,2003,Winn Residential,Yes,$0,There is no option for additional parking,f,Apartments,0,9,16,19,44,0,0,0,0,0,0,0,0,0,0,0,0,0,0,0,0,1200,1400,1600,0,0,0,0,23,0,18,0,23,18,5,44,44,0.78,0.41,0.52,0.52,42.2914,-71.0792,6742,15.93,0.45,16.38,75,25832,f,t,3,2,1,0,9,16,19,2.23,0.2,0.36,0.43,1465.91,658.16,0,f,1,0,0,0,phase 1 & 2
1325,126,25017341102,117,Summer Street,2148,Malden,0,117 Summer Street,1950,0,Yes,0,There is no option for additional parking,f,Apartments,8,25,0,0,33,0,0,0,0,0,0,0,0,0,0,0,0,0,0,0,0,0,0,0,0,0,0,0,29,0,18,0,29,18,11,33,33,0.62,0.55,0.88,0.88,42.4308,-71.0742,4203,36.81,3,39.81,84,55875,t,t,2,2,1,0,33,0,0,1,1,0,0,0,0,0,f,1,0,0,0,phase 1 & 2
1326,127,25017336401,12,Mt Vernon Street,2176,Melrose,0,12 Mt Vernon Street,1980,0,Yes,$50,If a unit request an additional parking space; they must pay for the space separate from the rental price,f,Condominiums,0,0,0,0,0,0,0,30,0,30,0,0,0,0,0,0,0,30,0,30,0,0,0,0,0,0,0,0,0,45,0,45,45,45,0,30,30,1,1.5,1.5,1.5,42.4507,-71.0673,4744,15.47,1.8,17.27,81,43257,f,t,2,2,0,1,0,30,0,2,0,1,0,0,0,45,f,1,50,0,0,phase 1 & 2
1327,128,25017352500,12,Boardman Street,2139,Cambridge,Kendall,Squirrel Brand,2001,Just-A-Start Corp,Yes,0,There is no option for additional parking,f,Apartments,1,2,13,2,18,0,0,0,0,0,0,0,0,0,0,0,1,5,0,6,1250,1250,1250,1750,0,0,0,0,19,0,2,0,19,2,17,18,18,0.11,0.11,1.06,1.06,42.3671,-71.0969,2828,67.62,3.96,71.58,93,424842,t,f,3,1,1,0.33,3,13,2,1.94,0.17,0.72,0.11,1305.56,671.43,0,t,1,0,0,0,phase 1 & 2
1328,129,25017342300,12,Valley Street,2149,Everett,0,Wellington Parkside,2016,Dolben,Yes,$100 for garage or additional space,If a unit request an additional parking space; they must pay for the space separate from the rental price,t,Apartments,0,104,86,0,190,0,0,0,0,0,0,0,0,0,10,0,0,0,0,0,0,2008,2587,0,0,0,0,0,118,123,108,64,241,172,69,190,180,0.71,0.96,1.34,1.27,42.4088,-71.0655,7543,25.96,2.42,28.37,83,26204,f,f,3,3,1,0,99,81,0,1.45,0.55,0.45,0,2270.07,1562.73,1.04,f,1,100,0.04,0.06,phase 1 & 2
1329,130,25017342201,21,Staples Avenue,2149,Everett,0,21 Staples Avenue,1960,0,Yes,$0,Residents may rent spaces from one another,f,Condominiums,0,0,0,0,0,0,0,0,0,105,0,0,0,0,0,0,0,0,0,0,0,0,0,0,0,0,0,0,105,0,80,0,105,80,25,105,105,0.76,0.76,1,1,42.4145,-71.0557,4876,42.11,0.55,42.66,80,27430,f,f,2,3,0,0,56,43,6,1.52,0.53,0.41,0.06,0,0,0,f,1,0,0,0,phase 1 & 2
1330,131,25017342300,120,Wyllis Avenue,2149,Everett,0,120 Wyllis Avenue,2007,0,Yes,0,0,f,Apartments,0,1,32,0,33,0,0,0,0,0,0,0,0,0,0,0,0,0,0,0,0,2060,2250,0,0,0,0,0,121,50,57,38,171,95,76,97,97,0.56,0.98,1.76,1.76,42.4146,-71.0699,7543,25.96,2.42,28.37,64,25037,f,f,3,2,1,0,3,94,0,1.97,0.03,0.97,0,2244.24,1139.38,0.41,f,1,0,0,0,phase 1 & 2
1331,132,25025130406,125,Edgemere Road,2132,Boston,West Roxbury,125 Edgemere Road,0,Chestnut Hill Realty,No,$30,Parking is not included with rent/purchase price-- residents pay for each space requested,f,Apartments,0,25,23,0,48,0,0,0,0,0,0,1,0,0,1,0,0,0,0,0,0,1750,2250,0,0,0,0,0,55,0,46,0,55,46,9,48,47,0.84,0.98,1.17,1.15,42.2583,-71.1507,6011,16.88,0.91,17.79,44,2697,f,f,0,2,1,0,24,23,0,1.49,0.51,0.49,0,1989.58,1345.07,0,f,0,30,0.02,0.02,phase 1 & 2
1332,133,25017341600,128,Salem Street,2148,Malden,0,128 Salem Street,1974,0,Yes,0,If a unit request an additional parking space; they must pay for the space separate from the rental price,f,Apartments,0,0,16,0,16,0,0,0,0,0,0,0,0,0,0,0,0,1,0,1,0,0,1450,0,0,0,0,0,25,0,21,0,25,21,4,16,16,0.84,1.31,1.56,1.56,42.4289,-71.0627,6411,32.64,0.64,33.27,90,43448,f,f,2,1,1,0.06,0,16,0,2,0,1,0,1450,725,0,f,1,0,0,0,phase 1 & 2
1333,134,25017341300,129,Medford Street,2148,Malden,0,129 Medford Street,1900,0,No,0,Parking is provided on a first come; first served basis,f,Apartments,0,83,8,3,94,0,0,0,0,0,0,1,0,1,2,0,0,0,0,0,0,1511,1760,2392,0,0,0,0,84,0,37,0,84,37,47,94,92,0.44,0.4,0.91,0.89,42.4186,-71.0709,5363,4.58,30.18,34.75,80,27966,f,f,1,2,1,0,81,8,3,1.15,0.88,0.09,0.03,1560.31,1358.05,0,t,0,0,0,0,phase 1 & 2
1334,135,25017341102,134,Summer Street,2148,Malden,0,134 Summer Street,1964,0,Yes,0,Residents may park on-street,f,Apartments,0,40,10,0,50,0,0,0,0,0,0,0,0,0,0,0,0,0,0,0,0,1350,1600,0,0,0,0,0,47,0,32,0,47,32,15,50,50,0.68,0.64,0.94,0.94,42.4312,-71.0749,4203,36.81,3,39.81,84,46773,t,t,2,2,1,0,40,10,0,1.2,0.8,0.2,0,1400,1166.67,0,t,1,0,0,0,phase 1 & 2
1335,136,25025140300,1344,Hyde Park Avenue,2136,Boston,Hyde Park,Blake Estates,0,Beacon Communities,Yes,0,There is no option for additional parking,t,Apartments,0,254,9,0,263,0,0,0,0,0,0,1,0,0,1,0,254,9,0,263,0,2250,2750,0,0,0,0,0,65,0,37,0,65,37,28,263,262,0.57,0.14,0.25,0.25,42.2521,-71.1247,7361,19.69,8.81,28.5,80,63706,f,t,0,3,1,1,253,9,0,1.03,0.97,0.03,0,2267.11,2192.1,0,f,1,0,0,0,phase 1 & 2
1336,137,25017342400,135,Broadway,2149,Everett,0,135 Broadway,1988,0,Yes,0,0,f,Apartments,12,0,0,0,12,12,0,0,0,0,0,0,0,0,0,0,0,0,0,0,900,0,0,0,0,0,0,0,0,12,0,9,12,9,3,12,12,0.75,0.75,1,1,42.3982,-71.0633,6963,3.95,9,12.95,59,50991,f,f,2,1,1,0,12,0,0,1,1,0,0,900,900,12,f,1,0,0,0,phase 1 & 2
1337,138,25017341102,135,Summer Street,2148,Malden,0,135 Summer Street,1962,0,No,$100,0,f,Apartments,0,16,0,0,16,0,0,0,0,0,0,0,0,0,0,0,0,0,0,0,0,0,0,0,0,0,0,0,28,0,20,0,28,20,8,16,16,0.71,1.25,1.75,1.75,42.4314,-71.0744,4203,36.81,3,39.81,79,55875,t,t,2,1,1,0,16,0,0,1,1,0,0,0,0,0,t,0,100,0,0,phase 1 & 2
1338,139,25017341600,141,Pierce Street,2148,Malden,0,141 Pierce Street,1966,0,0,0,If a unit request an additional parking space; they must pay for the space separate from the rental price,f,Condominiums,0,0,0,0,0,0,0,64,0,64,0,0,0,0,0,0,0,0,0,0,0,0,0,0,0,0,0,0,78,0,61,0,78,61,17,64,64,0.78,0.95,1.22,1.22,42.4351,-71.06,6411,27.28,0.2,27.48,56,12448,f,f,2,2,0,0,0,64,0,2,0,1,0,0,0,0,t,0,0,0,0,phase 1 & 2
1339,140,25017353000,144,Prospect Street,2139,Cambridge,Central,Scouting Way,2005,Just-A-Start Corp,Yes,0,There is no option for additional parking,f,Apartments,0,0,5,8,13,0,0,0,0,0,0,0,0,0,0,0,0,3,5,8,0,0,1250,1750,0,0,0,0,7,0,5,0,7,5,2,13,13,0.71,0.38,0.54,0.54,42.3687,-71.1013,3609,17.18,43.7,60.88,95,507126,t,f,3,1,1,0.62,0,5,8,2.62,0,0.38,0.62,1557.69,595.59,0,t,1,0,0,0,phase 1 & 2
1340,141,25017341101,145,Glenwood Street,2148,Malden,0,145 Glenwood Street,1900,0,0,0,Residents may rent spaces from one another,f,Condominiums,0,0,0,0,0,0,0,0,0,24,0,0,0,0,0,0,0,0,0,0,0,0,0,0,0,0,0,0,48,0,35,0,48,35,13,24,24,0.73,1.46,2,2,42.4344,-71.0784,4031,9.14,0.63,9.77,37,17904,t,f,1,1,0,0,11,11,2,1.63,0.46,0.46,0.08,0,0,0,f,0,0,0,0,phase 1 & 2
1341,142,25025160101,146,Library Street,2150,Chelsea,0,146 Library Street,2007,0,Yes,0,0,f,Condominiums,0,0,0,0,0,0,0,12,14,26,0,0,0,0,0,0,0,0,0,0,0,0,0,0,0,0,0,0,20,0,17,0,20,17,3,26,26,0.85,0.65,0.77,0.77,42.3927,-71.0268,9286,68.29,2.79,71.08,79,84836,f,t,3,2,0,0,0,12,14,2.54,0,0.46,0.54,0,0,0,f,1,0,0,0,phase 1 & 2
1342,143,25017342500,148,Chelsea Street,2149,Everett,0,148 Chelsea Street,1921,0,Yes,0,Residents may park on-street,f,Apartments,0,12,0,0,12,0,0,0,0,0,0,0,0,0,0,0,1,0,0,1,0,1100,0,0,0,0,0,0,17,0,16,0,17,16,1,12,12,0.94,1.33,1.42,1.42,42.4047,-71.0495,8050,32.39,12.46,44.85,87,36376,f,f,1,1,1,0.08,12,0,0,1,1,0,0,1100,1100,0,f,1,0,0,0,phase 1 & 2
1343,144,25025130406,15,Mann Street,2132,Boston,West Roxbury,15 Mann Street,0,Chestnut Hill Realty,No,$30,Parking is not included with rent/purchase price-- residents pay for each space requested,f,Apartments,0,6,6,0,12,0,0,0,0,0,0,1,0,0,1,0,0,0,0,0,1750,2250,0,0,0,0,0,0,10,0,9,0,10,9,1,12,11,0.9,0.82,0.91,0.83,42.2637,-71.1528,6011,16.88,0.91,17.79,55,13824,f,f,0,1,1,0,5,6,0,1.55,0.45,0.55,0,2250,2250,0,f,0,30,0.01,0.01,phase 1 & 2
1344,145,25025091400,150,Magnolia Street,2125,Boston,Dorchester,Sister Clara Muhammed Housing Coop.,2002,Winn Residential,Yes,0,There is no option for additional parking,f,Apartments,0,0,8,17,25,0,0,0,0,0,0,0,0,0,0,0,0,6,14,20,0,0,1250,1750,0,0,0,0,22,0,11,0,22,11,11,25,25,0.5,0.44,0.88,0.88,42.3139,-71.0718,3089,31.56,37.19,68.76,84,64130,f,t,3,2,1,0.8,0,8,17,2.68,0,0.32,0.68,1590,593.28,0,f,1,0,0,0,phase 1 & 2
1345,146,25017339801,150,Rivers Edge Drive,2155,Medford,0,RE150,2017,Gables Residential,Yes,$0,If a unit request an additional parking space; they must pay for the space separate from the rental price,t,Apartments,0,0,0,0,282,0,0,0,0,0,0,0,0,0,11,0,0,0,0,0,0,0,0,0,0,0,0,0,0,482,0,299,482,299,183,282,271,0.62,1.1,1.78,1.71,42.4107,-71.076,4938,16.23,10.29,26.51,41,23200,f,f,3,3,1,0,145,110,16,1.52,0.54,0.41,0.06,0,0,482,f,1,0,0,0,phase 1 & 2
1346,147,25025130402,1522,VFW Parkway,2132,Boston,West Roxbury,Marshview Place,2015,0,Yes,0,There is no option for additional parking,f,Apartments,0,13,15,0,28,0,0,0,0,0,0,0,0,0,0,0,0,0,0,0,0,2200,2500,0,0,0,0,0,0,31,21,0,31,21,10,28,28,0.68,0.75,1.11,1.11,42.2685,-71.1708,5078,8.25,4.08,12.33,52,6683,f,f,3,2,1,0,13,15,0,1.54,0.46,0.54,0,2360.71,1537.21,31,f,1,0,0,0,phase 1 & 2
1347,148,25017341901,1538,Eastern Avenue,2148,Malden,0,1538 Eastern Avenue,1970,0,Yes,0,There is no option for additional parking,f,Apartments,1,11,0,0,12,0,0,0,0,0,0,0,0,0,0,0,0,0,0,0,0,0,0,0,0,0,0,0,17,0,9,0,17,9,8,12,12,0.53,0.75,1.42,1.42,42.4318,-71.0269,1426,4.65,1.74,6.39,67,22776,f,f,2,1,1,0,12,0,0,1,1,0,0,0,0,0,f,1,0,0,0,phase 1 & 2
1348,149,25025081300,1542,Columbus Avenue,2119,Boston,Roxbury,Jackson Commons,2016,Winn Residential,Yes,0,There is no option for additional parking,f,Apartments,0,5,19,5,29,0,0,0,0,0,0,0,0,0,0,0,0,0,0,0,0,1250,1750,2250,0,0,0,0,30,0,24,0,30,24,6,29,29,0.8,0.83,1.03,1.03,42.3231,-71.0982,5573,33.89,12.1,45.99,88,285647,t,f,3,2,1,0,5,19,5,2,0.17,0.66,0.17,1750,875,0,f,1,0,0,0,phase 1 & 2
1349,150,25025120500,155,Lamartine Street,2130,Boston,Jamaica Plain,Nate Smith Housing Corporation,0,Peabody Properties,No,$0,There is no option for additional parking,f,Apartments,0,44,1,0,45,0,0,0,0,0,0,0,0,0,0,0,44,0,0,44,0,1000,1000,0,0,0,0,0,10,0,3,0,10,3,7,45,45,0.3,0.07,0.22,0.22,42.3181,-71.1045,2685,32.98,3.55,36.54,90,235358,t,f,0,2,1,0.98,44,1,0,1.02,0.98,0.02,0,1000,978.26,0,f,0,0,0,0,phase 1 & 2
1350,151,25025090100,157,Washington Street,2121,Boston,Dorchester,157 Washington Street AB&W; LLC,2011,Winn Residential,No,0,There is no option for additional parking,f,Apartments,0,5,16,3,24,0,0,0,0,0,0,0,1,0,1,0,3,8,3,14,0,1250,1250,1750,0,0,0,0,22,0,11,0,22,11,11,24,23,0.5,0.48,0.96,0.92,42.304,-71.0795,4949,43.17,2.81,45.98,89,61392,f,t,3,1,1,0.58,5,15,3,1.91,0.22,0.65,0.13,1312.5,684.78,0,f,0,0,0,0,phase 1 & 2
1351,152,25017342500,16,Summer Street,2149,Everett,0,16 Summer Street,1930,0,No,$75,Parking is not included with rent/purchase price-- residents pay for each space requested,f,Apartments,4,44,8,2,58,4,0,0,0,0,0,0,0,0,0,0,2,0,0,2,950,1100,1400,1800,0,0,0,0,15,0,13,0,15,13,2,58,58,0.87,0.22,0.26,0.26,42.4089,-71.0527,8050,47.45,3.63,51.08,92,38543,f,f,1,2,1,0.03,49,7,2,1.19,0.84,0.12,0.03,1155.17,957.14,0,f,0,75,0.06,0.08,phase 1 & 2
1352,153,25017373900,160,Boylston Street,2467,Newton,0,Avalon at Chestnut Hill,2010,Avalon Bay Communities,No,$125,Parking is not included with rent/purchase price-- residents pay for each space requested,f,Apartments,5,36,113,50,204,0,0,0,0,0,0,0,2,5,7,1,8,25,9,43,2250,3000,3000,3000,0,0,0,0,16,388,11,237,404,248,156,204,197,0.61,1.26,2.05,1.98,42.3199,-71.1741,6181,7.66,4.78,12.44,51,5041,f,f,3,3,1,0.21,40,109,48,2.04,0.2,0.55,0.24,2981.62,1458.63,24.25,f,0,125,0.04,0.09,phase 1 & 2
1353,154,25025160300,160,Commandants Way,2150,Chelsea,0,160 Commandants Way,1987,0,Yes,0,Residents may rent spaces from one another,f,Condominiums,0,0,0,0,0,0,10,52,0,62,0,0,0,0,0,0,0,0,0,0,0,0,0,0,0,0,0,0,92,0,71,0,92,71,21,62,62,0.77,1.15,1.48,1.48,42.3895,-71.0513,2476,19.33,3.6,22.93,28,19710,f,f,2,2,0,0,10,52,0,1.84,0.16,0.84,0,0,0,0,f,1,0,0,0,phase 1 & 2
1354,155,25017341300,160,Pleasant Street,2148,Malden,0,160 Pleasant Street Apartments,2007,Combined Properties,No,$75-100,Parking is not included with rent/purchase price-- residents pay for each space requested,f,Apartments,10,98,98,0,206,0,0,0,0,0,0,7,8,0,15,0,0,0,0,0,1750,1750,2750,0,0,0,0,0,0,133,0,69,133,69,64,206,191,0.52,0.36,0.7,0.65,42.4268,-71.0715,5363,4.58,30.18,34.75,93,120235,t,t,3,3,1,0,100,91,0,1.48,0.52,0.48,0,2225.73,1508.22,133,t,0,75,0.03,0.05,phase 1 & 2
1355,156,25017341300,17,Washington Street,2148,Malden,0,17 Washington Street,1925,0,No,$75,0,f,Apartments,36,36,5,0,77,0,0,0,0,0,0,0,0,0,0,0,0,0,0,0,1200,1450,1800,0,0,0,0,0,21,0,17,0,21,17,4,77,77,0.81,0.22,0.27,0.27,42.4278,-71.0705,5363,45.57,49.67,95.24,93,73308,t,t,1,2,1,0,72,5,0,1.06,0.94,0.06,0,1355.84,1273.17,0,t,0,75,0.06,0.06,phase 1 & 2
1356,157,25017374100,173-193,Oak Street,2464,Newton,0,Village Falls Condominium Trust,1988,Thayer and Associates; Inc.,Yes,0,If a unit request an additional parking space; they must pay for the space separate from the rental price,f,Condominiums,0,0,0,0,0,0,13,109,0,122,0,0,0,0,0,0,0,14,0,14,0,1750,2750,0,0,0,0,0,0,243,0,127,243,127,116,122,122,0.52,1.04,1.99,1.99,42.3075,-71.2179,4934,7.23,12.94,20.17,80,25559,f,f,2,3,0,0.11,13,109,0,1.89,0.11,0.89,0,0,0,243,t,0,0,0,0,phase 1 & 2
1357,158,25017341101,175,Summer Street,2148,Malden,0,175 Summer Street,1968,0,Yes,$0,0,f,Apartments,0,1,15,0,16,0,0,0,0,0,0,0,0,0,0,0,1,10,0,11,0,0,0,0,0,0,0,0,16,0,9,0,16,9,7,16,16,0.56,0.56,1,1,42.4328,-71.0749,4031,26.84,0.25,27.09,71,46438,t,t,2,1,1,0.69,1,15,0,1.94,0.06,0.94,0,0,0,0,f,1,0,0,0,phase 1 & 2
1358,159,25017336402,175; 189; 191,Wyoming West Avenue,2176,Melrose,0,175; 189; 191 Wyoming West Avenue,1957,0,Yes,$0,There is no option for additional parking,f,Apartments,0,36,12,0,48,0,0,0,0,0,0,0,0,0,0,0,0,0,0,0,0,0,0,0,0,0,0,0,64,0,53,0,64,53,11,64,64,0.83,0.83,1,1,42.4545,-71.0761,5079,15.75,0.39,16.14,64,16706,f,t,2,2,1,0,48,16,0,1.25,0.75,0.25,0,0,0,0,f,1,0,0,0,phase 1 & 2
1359,160,25017336200,180,Green Street,2176,Melrose,0,180 Green Street,1987,0,Yes,$0,Parking is provided on a first come; first served basis,f,Condominiums,0,0,0,0,0,0,21,59,0,80,0,0,0,0,0,0,0,0,0,0,0,0,0,0,0,0,0,0,100,19,78,12,119,90,29,80,80,0.76,1.13,1.49,1.49,42.4657,-71.0606,6045,16.42,3.62,20.04,72,17198,f,t,2,2,0,0,21,59,0,1.74,0.26,0.74,0,0,0,0.19,t,1,0,0,0,phase 1 & 2
1360,161,25017336401,181,Pleasant Street,2176,Melrose,0,181 Pleasant Street,1968,0,Yes,$60,Parking is provided on a first come; first served basis,f,Apartments,2,132,132,0,266,0,0,0,0,0,0,0,0,0,0,0,15,3,0,18,925,1240,1450,0,0,0,0,0,323,0,277,0,323,277,46,266,266,0.86,1.04,1.21,1.21,42.4468,-71.0716,4744,7.38,1.01,8.39,60,16199,f,t,2,3,1,0.07,134,132,0,1.5,0.5,0.5,0,1341.84,896.81,0,f,1,60,0.04,0.07,phase 1 & 2
1361,162,25025160101,181,Highland Street,2150,Chelsea,0,181 Highland Street,2007,0,Yes,0,0,f,Apartments,0,5,12,3,20,0,0,0,0,0,0,0,0,0,0,0,3,4,3,10,0,1087,1260,1717,0,0,0,0,12,0,12,0,12,12,0,20,20,1,0.6,0.6,0.6,42.393,-71.0282,9286,68.29,2.79,71.08,84,84836,f,t,3,1,1,0.5,5,12,3,1.9,0.25,0.6,0.15,1285.3,676.47,0,f,1,0,0,0,phase 1 & 2
1362,163,25017354600,181,Walden Street,2140,Cambridge,Porter,Lincoln Way Apartments,2012,Cambridge Housing Authority,Yes,0,There is no option for additional parking,f,Apartments,0,6,18,46,70,0,0,0,0,0,0,0,2,0,2,0,6,18,46,70,0,1000,1250,1250,0,0,0,0,54,0,40,0,54,40,14,70,68,0.74,0.59,0.79,0.77,42.3879,-71.1289,5585,37.07,6.97,44.04,81,64207,t,t,3,2,1,1,6,17,45,2.57,0.09,0.25,0.66,1228.57,477.78,0,f,1,0,0,0,phase 1 & 2
1363,164,25025160501,183,Washington Avenue,2150,Chelsea,0,183 Washington Avenue,1910,0,Yes,$65,If a unit request an additional parking space; they must pay for the space separate from the rental price,f,Apartments,0,12,8,0,20,0,0,0,0,0,0,0,0,0,0,0,1,0,0,1,0,1200,1595,0,0,0,0,0,0,24,0,18,24,18,6,20,20,0.75,0.9,1.2,1.2,42.3988,-71.0311,5145,77.36,3.1,80.46,83,74559,f,t,1,1,1,0.05,12,8,0,1.4,0.6,0.4,0,1358,970,24,t,1,65,0.05,0.07,phase 1 & 2
1364,165,25017336402,185,Essex Street,2176,Melrose,0,185 Essex Street,1947,0,Yes,0,If a unit request an additional parking space; they must pay for the space separate from the rental price,f,Condominiums,0,0,0,0,0,0,0,16,0,16,0,0,0,0,0,0,0,2,0,2,0,0,0,0,0,0,0,0,26,0,23,0,26,23,3,16,16,0.88,1.44,1.63,1.63,42.4581,-71.0687,5079,17.36,20.17,37.53,90,17597,f,t,2,1,0,0.13,0,16,0,2,0,1,0,0,0,0,t,1,0,0,0,phase 1 & 2
1365,166,25025160501,185,Washington Avenue,2150,Chelsea,0,185 Washington Avenue,1900,0,No,$70,Parking is not included with rent/purchase price-- residents pay for each space requested,f,Apartments,0,12,6,0,18,0,0,0,0,0,0,0,0,0,0,0,1,3,0,4,0,1000,1100,0,0,0,0,0,1,3,0,3,4,3,1,18,18,0.75,0.17,0.22,0.22,42.399,-71.0313,5145,77.36,3.1,80.46,83,74559,f,t,1,1,1,0.22,12,6,0,1.33,0.67,0.33,0,1033.33,775,3,f,0,70,0.07,0.09,phase 1 & 2
1366,167,25025092200,19-21,Faulkner Street,2122,Boston,Dorchester,19-21,2002,Trinity Management Company,Yes,0,There is no option for additional parking,f,Apartments,0,0,3,3,6,0,0,0,0,0,0,0,0,0,0,0,0,1,2,3,0,0,1250,1750,0,0,0,0,10,0,7,0,10,7,3,6,6,0.7,1.17,1.67,1.67,42.2996,-71.0614,3265,23.13,7.77,30.9,92,273176,t,f,3,1,1,0.5,0,3,3,2.5,0,0.5,0.5,1500,600,0,f,1,0,0,0,phase 1 & 2
1367,168,25017374400,1940,Washington Street,2466,Newton,0,Woodland Station Apartments,2010,National Development,Yes,0,If a unit request an additional parking space; they must pay for the space separate from the rental price,f,Apartments,0,75,96,9,180,0,0,0,0,0,0,0,3,2,5,0,17,17,2,36,0,2250,3000,3000,0,0,0,0,0,268,0,240,268,240,28,180,175,0.9,1.37,1.53,1.49,42.3331,-71.2428,6359,4.99,1.49,6.48,13,21411,t,f,3,3,1,0.2,73,93,9,1.63,0.42,0.53,0.05,2687.5,1645.41,268,f,1,0,0,0,phase 1 & 2
1368,169,25017341102,198,Clifton Street,2148,Malden,0,198 Clifton Street,1920,0,Yes,0,Parking is provided on a first come; first served basis,f,Apartments,0,8,0,2,10,0,0,0,0,0,0,0,0,0,0,0,0,0,0,0,0,1350,0,1600,0,0,0,0,16,0,9,0,16,9,7,10,10,0.56,0.9,1.6,1.6,42.4315,-71.0761,4203,36.81,3,39.81,73,46773,t,t,1,1,1,0,8,0,2,1.4,0.8,0,0.2,1400,1000,0,f,1,0,0,0,phase 1 & 2
1369,170,25021417200,2,Hancock Street,2171,Quincy,0,Neponset Landing,2010,Greystar,Yes,$45-$80,If a unit request an additional parking space; they must pay for the space separate from the rental price,t,Apartments,0,142,138,0,280,0,0,0,0,0,0,7,9,0,16,0,14,14,0,28,0,2250,2750,0,0,0,0,0,120,306,117,163,426,280,146,280,264,0.66,1.06,1.61,1.52,42.2833,-71.0367,7931,9.88,39.93,49.81,48,27416,f,f,3,3,1,0.1,134,130,0,1.49,0.51,0.49,0,2496.43,1672.25,2.55,f,1,45,0.02,0.03,phase 1 & 2
1370,171,25025081300,20,Amory Avenue,2119,Boston,Roxbury,Amory Terrace,2005,Winn Residential,Yes,0,There is no option for additional parking,f,Apartments,0,15,29,10,54,0,0,0,0,0,0,0,0,0,0,0,15,29,10,54,0,1250,1750,2250,0,0,0,0,30,0,22,0,30,22,8,54,54,0.73,0.41,0.56,0.56,42.3206,-71.1001,5573,35.2,13.78,48.98,82,269176,t,f,3,2,1,1,15,29,10,1.91,0.28,0.54,0.19,1703.7,893.2,0,f,1,0,0,0,phase 1 & 2
1371,172,25017370102,20,Watertown Street,2472,Watertown,0,Watertown Square Archstone Apartments,2004,Equity Residential,No,$60 for the first parking space; $125 for additional,Parking is not included with rent/purchase price-- residents pay for each space requested,f,Apartments,16,64,54,0,134,0,0,0,0,0,0,0,0,0,5,2,6,5,0,13,1750,1750,1750,0,0,0,0,0,0,185,0,131,185,131,54,134,129,0.71,1.02,1.43,1.38,42.3644,-71.1864,7938,16.57,15.36,31.93,85,66013,f,f,3,3,1,0.1,77,52,0,1.4,0.6,0.4,0,1750,1247.34,185,f,0,60,0.03,0.05,phase 1 & 2
1372,173,25025160300,200,Captains Row,2150,Chelsea,0,200 Captains Row,1987,0,Yes,$0,0,f,Condominiums,0,0,0,0,0,0,10,38,0,48,0,0,0,0,0,0,0,0,0,0,0,0,0,0,0,0,0,0,66,0,43,0,66,43,23,48,48,0.65,0.9,1.38,1.38,42.3908,-71.0466,2476,19.33,3.6,22.93,60,23089,f,f,2,2,0,0,10,38,0,1.79,0.21,0.79,0,0,0,0,f,1,0,0,0,phase 1 & 2
1373,174,25017370400,202,Arsenal Street,2472,Watertown,0,Gables-Arsenal Street,2015,Gables Residential,Yes,$100,0,f,Apartments,0,120,100,76,297,0,0,0,0,0,0,0,0,0,23,0,0,0,0,30,0,2750,3000,3000,0,0,0,0,16,346,8,213,362,221,141,297,274,0.61,0.81,1.32,1.22,42.3646,-71.174,5275,12.14,6.14,18.29,67,61759,f,f,3,3,1,0.1,111,93,70,1.85,0.41,0.34,0.26,2898.65,1565.69,21.63,t,1,100,0.03,0.06,phase 1 & 2
1374,175,25025160400,202,Chestnut Street,2150,Chelsea,0,202 Chestnut Street,1900,0,No,$0,Parking is provided on a first come; first served basis,f,Apartments,0,4,11,2,17,0,0,0,0,0,0,0,0,0,0,0,0,0,0,0,0,750,850,1050,0,0,0,0,10,0,7,0,10,7,3,17,17,0.7,0.41,0.59,0.59,42.3927,-71.0366,3054,43.48,55.92,99.4,91,172232,f,t,1,1,1,0,4,11,2,1.88,0.24,0.65,0.12,850,451.56,0,f,0,0,0,0,phase 1 & 2
1375,176,25017356701,204,Massachusetts Avenue,2474,Arlington,0,204 Massachusetts Avenue,1915,0,0,0,0,f,Apartments,0,0,0,0,23,0,0,0,0,0,0,0,0,0,0,0,0,0,0,0,0,0,0,0,0,0,0,0,5,0,4,0,5,4,1,23,23,0.8,0.17,0.22,0.22,42.4059,-71.1427,6115,27.86,6.94,34.8,88,52971,f,f,1,1,1,0,10,11,2,1.65,0.43,0.48,0.09,0,0,0,f,0,0,0,0,phase 1 & 2
1376,177,25025080300,207 225,Dudley Street,2119,Boston,Roxbury,Dudley Greenville Housing,2014,Winn Residential,No,0,There is no option for additional parking,f,Apartments,0,5,22,16,43,0,0,0,0,0,0,0,0,0,0,0,4,21,16,41,0,1250,1250,3000,0,0,0,0,20,0,19,0,20,19,1,43,43,0.95,0.44,0.47,0.47,42.3284,-71.0803,2342,35.26,3.48,38.73,92,257892,t,f,3,2,1,0.95,5,22,16,2.26,0.12,0.51,0.37,1901.16,842.78,0,f,0,0,0,0,phase 1 & 2
1377,178,25025160101,21,Gerrish Avenue,2150,Chelsea,0,21 Gerrish Avenue,2007,0,Yes,0,Parking is provided on a first come; first served basis,f,Apartments,0,0,10,2,12,0,0,0,0,0,0,0,0,0,0,0,0,4,2,6,0,0,1243,1717,0,0,0,0,13,0,12,0,13,12,1,12,12,0.92,1,1.08,1.08,42.394,-71.0303,9286,68.29,2.79,71.08,91,111608,f,t,3,1,1,0.5,0,10,2,2.17,0,0.83,0.17,1322,610.15,0,f,1,0,0,0,phase 1 & 2
1378,179,25025081800,215-232,Blue Hill Avenue,2119,Boston,Roxbury,Kasanof,2015,Winn Residential,Yes,0,There is no option for additional parking,f,Apartments,0,11,25,12,48,0,0,0,0,0,0,0,1,0,1,0,7,16,8,31,0,1250,1750,2250,0,0,0,0,54,0,29,0,54,29,25,48,47,0.54,0.62,1.15,1.13,42.3171,-71.0782,3535,30.97,4.38,35.35,78,155101,f,f,3,2,1,0.65,11,24,12,2.02,0.23,0.51,0.26,1760.42,871.13,0,f,1,0,0,0,phase 1 & 2
1379,180,25025160502,215,Spencer Avenue,2150,Chelsea,0,Spencer Row,2011,0,Yes,0,0,f,Apartments,0,7,18,7,32,0,0,0,0,0,0,0,0,0,0,0,5,12,7,24,0,1052,1261,1457,0,0,0,0,0,23,0,23,23,23,0,32,32,1,0.72,0.72,0.72,42.3996,-71.0209,4832,15.22,15.43,30.65,76,27338,f,f,3,2,1,0.75,7,18,7,2,0.22,0.56,0.22,1258.16,629.08,23,f,1,0,0,0,phase 1 & 2
1380,181,25017342600,22,Irving Street,2149,Everett,0,22 Irving Street,1975,0,Yes,$0,There is no option for additional parking,f,Condominiums,0,1,15,0,16,0,1,15,0,16,0,0,0,0,0,0,0,0,0,16,0,0,0,0,0,0,0,0,16,0,16,0,16,16,0,32,32,1,0.5,0.5,0.5,42.4038,-71.0464,5263,57.68,1.6,59.27,87,33016,f,f,2,2,1,0.5,2,30,0,1.94,0.06,0.94,0,0,0,0,f,1,0,0,0,phase 1 & 2
1397,198,25025120500,270,Centre Street,2130,Boston,Jamaica Plain,CWL Housing LLC,2016,Peabody Properties,No,0,0,f,Apartments,4,4,20,2,30,0,0,0,0,0,0,0,0,0,0,4,4,1,2,11,1000,1250,1250,1250,0,0,0,0,16,0,13,0,16,13,3,30,30,0.81,0.43,0.53,0.53,42.3227,-71.101,2685,32.98,3.55,36.54,89,407923,t,f,3,2,1,0.37,8,20,2,1.8,0.27,0.67,0.07,1216.67,675.93,0,f,0,0,0,0,phase 1 & 2
1381,182,25025091800,22,Beechwood Street,2121,Boston,Dorchester,Geneva Elderly Housing,2005,Maloney Properties,Yes,0,Parking is provided on a first come; first served basis,f,Apartments,0,45,0,0,45,0,0,0,0,0,0,0,0,0,0,0,45,0,0,45,0,1000,0,0,0,0,0,0,8,0,6,0,8,6,2,45,45,0.75,0.13,0.18,0.18,42.306,-71.0748,3631,19.74,5.27,25.01,81,89393,f,t,3,2,1,1,45,0,0,1,1,0,0,1000,1000,0,f,1,0,0,0,phase 1 & 2
1382,183,25017352101,22,Water Street,2141,Cambridge,East Cambridge,Zinc Apartments,2015,Greystar,No,$225-$375,Parking is not included with rent/purchase price-- residents pay for each space requested,f,Apartments,91,239,62,0,392,0,0,0,0,0,0,0,0,0,16,0,0,0,0,45,2800,3000,3000,0,0,0,0,0,0,331,0,206,331,206,125,392,376,0.62,0.55,0.88,0.84,42.373,-71.0786,1915,6.31,2.89,9.2,81,338647,t,f,3,3,1,0.11,317,59,0,1.16,0.84,0.16,0,2953.57,2550.22,331,t,0,225,0.08,0.09,phase 1 & 2
1383,184,25025060800,225,Dorchester Street,2127,Boston,South Boston,St. Augustine's Condominiums,2016,Bridgestone Properties,Yes,0,There is no option for additional parking,f,Condominiums,0,0,0,0,0,0,0,29,0,29,0,0,0,0,0,0,0,2,0,2,0,0,0,0,0,0,0,0,0,37,0,22,37,22,15,29,29,0.59,0.76,1.28,1.28,42.3335,-71.0511,4369,64.81,2.48,67.29,90,371131,t,f,3,2,0,0.07,0,29,0,2,0,1,0,0,0,37,f,1,0,0,0,phase 1 & 2
1384,185,25025101002,227-229,River Street,2126,Boston,Mattapan,Mattapan Heights III,2010,Trinity Management Company,Yes,0,Parking is provided on a first come; first served basis,f,Apartments,0,96,54,0,130,0,0,0,0,0,0,0,3,0,3,0,12,0,0,0,0,1250,0,0,0,0,0,0,140,0,79,0,140,79,61,130,127,0.56,0.62,1.1,1.08,42.2716,-71.0796,5779,18.24,0.3,18.54,67,13575,t,f,3,3,1,0,81,46,0,1.36,0.64,0.36,0,1250,1250,0,f,1,0,0,0,phase 1 & 2
1385,186,25017342600,23,Ferry Street,2149,Everett,0,23 Ferry Street,1997,0,Yes,0,0,f,Apartments,0,11,7,0,18,0,0,0,0,0,0,0,0,0,0,0,0,0,0,0,0,1100,1300,0,0,0,0,0,18,17,10,11,35,21,14,18,18,0.6,1.17,1.94,1.94,42.4048,-71.0476,5263,57.68,1.6,59.27,89,32838,f,f,2,1,1,0,11,7,0,1.39,0.61,0.39,0,1177.78,848,0.94,f,1,0,0,0,phase 1 & 2
1386,187,25025090300,237,Quincy Street,2121,Boston,Dorchester,Quincy Heights,2015,United Housing Management,Yes,0,There is no option for additional parking,f,Apartments,0,11,62,56,129,0,0,0,0,0,0,0,0,1,1,0,11,62,56,129,0,2250,2250,3000,0,0,0,0,37,0,36,0,37,36,1,129,128,0.97,0.28,0.29,0.29,42.3122,-71.0734,3389,30.34,0.33,30.67,82,49661,f,f,3,3,1,1,10,62,56,2.36,0.08,0.48,0.44,2575.58,1096.53,0,f,1,0,0,0,phase 1 & 2
1387,188,25017354800,2377-2399,Massachusetts Avenue,2140,Cambridge,North Cambridge,Trolley Square,2007,Winn Residential,Yes,0,If a unit request an additional parking space; they must pay for the space separate from the rental price,f,Mix,0,4,22,14,40,0,0,0,0,0,0,0,0,0,0,0,4,22,14,40,0,1250,1750,2250,0,0,0,0,0,41,0,21,41,21,20,40,40,0.51,0.53,1.03,1.03,42.3969,-71.13,2167,27.08,8.05,35.13,93,90947,t,f,3,2,1,1,4,22,14,2.25,0.1,0.55,0.35,1875,833.33,41,t,1,0,0,0,phase 1 & 2
1388,189,25025081700,24-30,Rockland Street,2119,Boston,Roxbury,Rockland Street Elderly Housing,2015,Maloney Properties,Yes,0,Parking is provided on a first come; first served basis,f,Apartments,0,40,0,0,40,0,0,0,0,0,0,0,0,0,0,0,40,0,0,40,0,1000,902,0,0,0,0,0,5,0,5,0,5,5,0,40,40,1,0.13,0.13,0.13,42.3219,-71.084,3882,26.53,9.93,36.46,78,155877,f,f,3,2,1,1,40,0,0,1,1,0,0,1000,1000,0,f,1,0,0,0,phase 1 & 2
1389,190,25017352500,243,Broadway,2139,Cambridge,East Cambridge,The Close Building,2010,Maloney Properties,Yes,0,There is no option for additional parking,f,Apartments,6,49,6,0,61,0,0,0,0,0,0,0,0,0,0,6,49,6,0,61,0,0,0,0,0,0,0,0,15,0,8,0,15,8,7,61,61,0.53,0.13,0.25,0.25,42.3674,-71.0956,2828,42.9,6.59,49.49,93,334381,t,f,3,2,1,1,55,6,0,1.1,0.9,0.1,0,0,0,0,f,1,0,0,0,phase 1 & 2
1390,191,25017341600,244,Salem Street,2148,Malden,0,244 Salem Street,1965,0,0,0,Parking is provided on a first come; first served basis,f,Condominiums,0,0,0,0,0,0,15,18,0,33,0,0,0,0,0,0,0,0,0,0,0,0,0,0,0,0,0,0,30,0,19,0,30,19,11,33,33,0.63,0.58,0.91,0.91,42.4308,-71.059,6411,27.28,0.2,27.48,82,40092,f,f,2,2,0,0,15,18,0,1.55,0.45,0.55,0,0,0,0,f,0,0,0,0,phase 1 & 2
1391,192,25017355000,2443,Massachusetts Avenue,2140,Cambridge,Porter,2443 Massachusetts Avenue,2001,Investments Unlimited,Yes,0,Residents may park on-street or rent spaces off-site,f,Apartments,0,4,9,0,13,0,0,0,0,0,0,0,0,0,0,0,0,0,0,2,0,2200,2650,0,0,0,0,0,13,0,10,0,13,10,3,13,13,0.77,0.77,1,1,42.3981,-71.1308,3157,32.03,10.43,42.46,88,85692,t,f,3,1,1,0.15,4,9,0,1.69,0.31,0.69,0,2511.54,1484.09,0,f,1,0,0,0,phase 1 & 2
1392,193,25025050400,245,Sumner Street,2128,Boston,East Boston,245 Sumner Street,2017,Velkor Properties,Yes,0,There is no option for additional parking,f,Apartments,0,0,26,8,34,0,0,0,0,0,0,0,0,0,0,0,0,4,1,5,0,0,2750,3000,0,0,0,0,0,34,0,26,34,26,8,34,34,0.76,0.76,1,1,42.3679,-71.0384,2560,86.29,4.81,91.11,88,389769,t,f,3,2,1,0.15,0,26,8,2.24,0,0.76,0.24,2808.82,1256.58,34,f,1,0,0,0,phase 1 & 2
1393,194,25025090700,246,Boston Street,2125,Boston,Dorchester,246 Boston Street Condominiums,2015,Bridgestone Properties,Yes,0,There is no option for additional parking,f,Condominiums,0,0,0,0,0,0,0,9,0,9,0,0,1,0,1,0,0,0,0,0,0,0,0,0,0,0,0,0,9,0,7,0,9,7,2,9,8,0.78,0.88,1.13,1,42.3214,-71.0611,4179,43.43,8.05,51.48,89,256645,t,t,3,1,0,0,0,8,0,2,0,1,0,0,0,0,f,1,0,0,0,phase 1 & 2
1394,195,25017342400,25,Charlton Street,2149,Everett,0,The Batch Yards,2014,Bozzuto,No,$75-$150,Parking is not included with rent/purchase price-- residents pay for each space requested,f,Apartments,26,187,106,9,328,0,0,0,0,0,2,13,9,0,24,0,0,0,0,0,1750,2250,2750,3000,0,0,0,0,0,479,0,417,479,417,62,328,304,0.87,1.37,1.58,1.46,42.4009,-71.0631,6963,3.95,9,12.95,74,76182,f,f,3,3,1,0,198,98,8,1.38,0.65,0.32,0.03,2392.53,1736.17,479,f,0,75,0.03,0.04,phase 1 & 2
1395,196,25025040801,250,First Avenue,2129,Boston,Charlestown,Harborview at the Navy Yard,2010,Lincoln Property Company,Yes,0,If a unit request an additional parking space; they must pay for the space separate from the rental price,t,Apartments,22,103,99,0,224,0,0,0,0,0,0,1,4,0,5,7,8,7,0,22,2250,2750,3000,3000,0,0,0,0,0,334,0,225,334,225,109,224,219,0.67,1.03,1.53,1.49,42.3773,-71.0501,4486,22.91,73.59,96.5,67,87138,f,f,3,3,1,0.1,122,97,0,1.44,0.56,0.44,0,2811.38,1949.69,334,t,1,0,0,0,phase 1 & 2
1396,197,25017356701,252; 258-260,Massachusetts Avenue,2474,Arlington,0,Capitol Square Apartments,1910,0,Yes,0,There is no option for additional parking,f,Apartments,5,18,9,0,32,0,0,0,0,0,0,0,1,0,1,5,18,9,0,32,900,1036,1139,0,0,0,0,0,32,0,20,0,32,20,12,32,31,0.63,0.65,1.03,1,42.4075,-71.1451,6115,27.86,6.94,34.8,87,57363,f,f,1,2,1,1,22,9,0,1.29,0.71,0.29,0,1043.72,814.61,0,f,1,0,0,0,phase 1 & 2
1398,199,25017352300,270,Third Street,2142,Cambridge,Kendall,Vivo,2016,AimCo,No,$325,Parking is not included with rent/purchase price-- residents pay for each space requested,f,Apartments,40,28,15,0,83,0,0,0,0,0,0,2,0,0,2,2,8,12,0,22,2750,3000,3000,0,0,0,0,0,0,76,0,44,76,44,32,83,81,0.58,0.54,0.94,0.92,42.3661,-71.0819,4261,23.39,74.76,98.15,86,361553,t,f,3,2,1,0.27,66,15,0,1.19,0.81,0.19,0,2879.52,2438.78,76,f,0,325,0.11,0.13,phase 1 & 2
1399,200,25017342600,277,Chelsea Street,2149,Everett,0,277 Chelsea Street,1983,0,Yes,0,There is no option for additional parking,f,Apartments,0,21,14,0,35,0,0,0,0,0,0,0,0,0,0,0,0,0,0,0,0,1000,1100,0,0,0,0,0,34,0,32,0,34,32,2,35,35,0.94,0.91,0.97,0.97,42.4027,-71.0443,5263,35.65,5.18,40.82,87,34186,f,f,2,2,1,0,21,14,0,1.4,0.6,0.4,0,1040,742.86,0,f,1,0,0,0,phase 1 & 2
1400,201,25025060600,273,D Street,2127,Boston,South Boston,Patriot Homes,2017,South Boston Neighborhood Development Corporation,Yes,$0,There is no option for additional parking,f,Apartments,12,2,10,0,24,0,0,0,0,0,0,0,0,0,0,12,2,10,0,24,1000,1000,1000,0,0,0,0,0,10,0,8,0,10,8,2,24,24,0.8,0.33,0.42,0.42,42.3392,-71.0499,3219,10.43,82.78,93.21,94,392431,t,f,3,1,1,1,14,10,0,1.42,0.58,0.42,0,1000,705.88,0,f,1,0,0,0,phase 1 & 2
1401,202,25025092101,281-289,Adams Street,2122,Boston,Dorchester,Lucky Strike Residential,2016,BT Management,No,0,There is no option for additional parking,f,Apartments,2,12,8,0,22,0,0,0,0,0,0,0,0,0,3,1,1,1,0,3,1250,1750,2250,0,0,0,0,0,13,0,12,0,13,12,1,22,19,0.92,0.63,0.68,0.59,42.2996,-71.0588,7141,29.29,23.66,52.94,93,118744,t,f,3,1,1,0.14,12,7,0,1.37,0.63,0.37,0,1886.36,1383.33,0,f,0,0,0,0,phase 1 & 2
1402,203,25025081300,2875,Washington Street,2119,Boston,Roxbury,Council Tower,2015,Rogerson,No,$0,There is no option for additional parking,t,Apartments,28,116,0,0,144,0,0,0,0,0,1,1,0,0,2,28,116,0,0,144,1250,1750,0,0,0,0,0,0,31,0,26,0,31,26,5,144,142,0.84,0.18,0.22,0.22,42.3205,-71.0947,5573,33.89,12.1,45.99,82,208348,t,f,3,3,1,1,142,0,0,1,1,0,0,1652.78,1652.78,0,f,0,0,0,0,phase 1 & 2
1403,204,25017336401,288,Main Street,2176,Melrose,0,288 Main Street,1975,0,Yes,$0,0,f,Apartments,3,9,4,0,16,0,0,0,0,0,0,0,0,0,0,0,0,0,0,0,1300,1300,1300,0,0,0,0,0,16,0,16,0,16,16,0,16,16,1,1,1,1,42.4506,-71.0682,4744,6.81,0.79,7.6,84,38566,f,t,2,1,1,0,12,4,0,1.25,0.75,0.25,0,1300,1040,0,f,1,0,0,0,phase 1 & 2
1404,205,25025081500,2918,Washington Street,2119,Boston,Roxbury,New Academy Estates,2001,Winn Residential,Yes,0,0,f,Apartments,0,37,75,84,196,0,0,0,0,0,0,0,0,0,18,0,37,75,84,196,0,0,0,0,0,0,0,0,214,0,149,0,214,149,65,196,178,0.7,0.84,1.2,1.09,42.3182,-71.0956,2453,34.83,0.85,35.68,86,45985,t,f,3,3,1,1,34,68,76,2.24,0.19,0.38,0.43,0,0,0,f,1,0,0,0,phase 1 & 2
1405,206,25017356702,30-50,Mill Street,2476,Arlington,0,30-50 Mill Street,2012,0,No,$70-$95,Parking is provided on a first come; first served basis,f,Apartments,18,35,63,0,116,0,0,0,0,0,3,1,2,0,6,3,5,9,0,17,2163,2485,3060,0,0,0,0,0,36,88,22,77,124,99,25,116,110,0.8,0.9,1.13,1.07,42.4186,-71.1589,6898,10.73,21.26,31.99,82,16613,f,f,3,3,1,0.15,50,60,0,1.55,0.45,0.55,0,2747.32,1780.39,2.44,t,0,70,0.03,0.04,phase 1 & 2
1406,207,25017336401,12,Wyoming West Avenue,2176,Melrose,0,12 Wyoming West Avenue,1900,0,Yes,$0,Parking is provided on a first come; first served basis,f,Condominiums,0,0,0,0,0,0,13,11,0,24,0,0,0,0,0,0,13,11,0,24,0,0,0,0,0,0,0,0,22,0,18,0,22,18,4,24,24,0.82,0.75,0.92,0.92,42.4514,-71.0681,4744,6.81,0.79,7.6,87,38566,f,t,1,1,0,1,13,11,0,1.46,0.54,0.46,0,0,0,0,f,1,0,0,0,phase 1 & 2
1407,208,25025060600,320,D Street,2127,Boston,South Boston,West Square Apartments,2015,Akelius Real Estate Management,No,$300,Parking is not included with rent/purchase price-- residents pay for each space requested,f,Apartments,37,144,74,0,255,0,0,0,0,0,2,2,5,0,9,5,18,10,0,32,2750,2750,3000,0,0,0,0,0,0,247,0,168,247,168,79,255,246,0.68,0.68,1,0.97,42.341,-71.0497,3219,10.43,82.78,93.21,92,399663,t,f,3,3,1,0.13,175,71,0,1.29,0.71,0.29,0,2822.55,2187.69,247,f,0,300,0.11,0.14,phase 1 & 2
1408,209,25025160300,325,Commandants Way,2150,Chelsea,0,Axis Admiral's Hill,2009,Greystar,Yes,0,If a unit request an additional parking space; they must pay for the space separate from the rental price,f,Apartments,13,96,48,4,161,0,0,0,0,0,0,4,3,1,7,0,0,0,0,0,2250,2250,3000,3000,0,0,0,0,30,164,7,164,194,171,23,161,154,0.88,1.11,1.26,1.2,42.3925,-71.048,2476,19.33,3.6,22.93,57,19710,f,f,3,3,1,0,104,46,4,1.35,0.68,0.3,0.03,2492.24,1849.08,5.47,f,1,0,0,0,phase 1 & 2
1409,210,25017352300,33,Rogers Street,2142,Cambridge,Kendall,Axiom,2015,AimCo,No,$300,Parking is not included with rent/purchase price-- residents pay for each space requested,f,Apartments,30,55,30,0,115,0,0,0,0,0,0,0,0,0,0,0,0,0,0,0,2750,3000,3000,0,0,0,0,0,0,78,0,65,78,65,13,115,115,0.83,0.57,0.68,0.68,42.3661,-71.0786,4261,23.39,74.76,98.15,83,293024,t,f,3,3,1,0,85,30,0,1.26,0.74,0.26,0,2934.78,2327.59,78,f,0,300,0.1,0.13,phase 1 & 2
1410,211,25017341102,33; 36,Maple Street,2148,Malden,0,33; 36 Maple Street,1974,0,No,$200,0,f,Apartments,68,0,0,0,68,0,0,0,0,0,0,0,0,0,0,0,0,0,0,0,0,0,0,0,0,0,0,0,22,0,19,0,22,19,3,64,64,0.86,0.3,0.34,0.34,42.4291,-71.0747,4203,27.9,7.73,35.62,86,101120,t,t,2,2,1,0,64,0,0,1,1,0,0,0,0,0,f,0,200,0,0,phase 1 & 2
1411,212,25025091900,330; 335,Washington Street,2121,Boston,Dorchester,Upper Washington Apartments,2017,Trinity Management Company,Yes,0,Parking is provided on a first come; first served basis,f,Apartments,0,3,20,12,35,0,0,0,0,0,0,0,2,0,2,0,3,20,12,35,0,1750,1750,2250,0,0,0,0,24,0,9,0,24,9,15,35,33,0.38,0.27,0.73,0.69,42.2996,-71.0742,4010,34.04,0.71,34.74,83,37258,f,t,3,2,1,1,3,19,11,2.24,0.09,0.58,0.33,1921.43,851.27,0,f,1,0,0,0,phase 1 & 2
1412,213,25017336401,333,Main Street,2176,Melrose,0,333 Main Street,1961,0,Yes,0,There is no option for additional parking,f,Apartments,0,7,15,1,23,0,0,0,0,0,0,2,0,0,2,0,0,0,0,0,0,1095,1195,1040,0,0,0,0,23,0,15,0,23,15,8,23,21,0.65,0.71,1.1,1,42.4516,-71.0671,4744,15.47,1.8,17.27,88,35306,f,t,2,1,1,0,6,14,1,1.76,0.29,0.67,0.05,1157.83,665.75,0,f,1,0,0,0,phase 1 & 2
1413,214,25025070300,339-351,Tremont Street,2116,Boston,Chinatown,Tremont Village,2008,Maloney Properties,Yes,$0,If a unit request an additional parking space; they must pay for the space separate from the rental price,f,Apartments,0,0,4,16,20,0,0,0,0,0,0,0,0,0,0,0,0,4,16,20,0,0,1000,1000,0,0,0,0,14,0,8,0,14,8,6,20,20,0.57,0.4,0.7,0.7,42.3487,-71.0672,4453,57.85,23.51,81.36,98,583110,t,t,3,1,1,1,0,4,16,2.8,0,0.2,0.8,1000,357.14,0,f,1,0,0,0,phase 1 & 2
1414,215,25025060600,339,D Street,2127,Boston,South Boston,Westside Crossing,2016,Akelius Real Estate Management,No,$250,Parking is not included with rent/purchase price-- residents pay for each space requested,f,Apartments,0,2,21,1,24,0,0,0,0,0,0,0,1,0,1,0,1,2,0,3,0,1250,3000,3000,0,0,0,0,0,28,0,22,28,22,6,24,23,0.79,0.96,1.22,1.17,42.3402,-71.0488,3219,10.43,82.78,93.21,92,373147,t,f,3,1,1,0.13,2,20,1,1.96,0.09,0.87,0.04,2854.17,1457.45,28,f,0,250,0.09,0.17,phase 1 & 2
1415,216,25017339801,34,Brainard Avenue,2155,Medford,0,Wellington Place,2007,Lincoln Property Company,Yes,0,If a unit request an additional parking space; they must pay for the space separate from the rental price,f,Apartments,0,53,84,0,137,0,0,0,0,0,0,0,6,0,6,0,2,3,0,5,0,2400,2800,0,0,0,0,0,281,0,167,0,281,167,114,137,131,0.59,1.27,2.15,2.05,42.4057,-71.078,4938,26.41,6.72,33.13,29,14967,t,f,3,3,1,0.04,51,80,0,1.61,0.39,0.61,0,2556.57,1584.84,0,f,1,0,0,0,phase 1 & 2
1416,217,25025100800,341,Gallivan Boulevard,2125,Boston,Dorchester,Au Gallivan,2012,Trinity Management Company,Yes,0,There is no option for additional parking,f,Apartments,0,5,5,0,10,0,0,0,0,0,0,0,1,0,1,0,0,0,0,0,0,1750,2250,0,0,0,0,0,7,0,6,0,7,6,1,10,9,0.86,0.67,0.78,0.7,42.2803,-71.0639,6583,9.56,15.1,24.67,76,19063,t,f,3,1,1,0,4,5,0,1.56,0.44,0.56,0,2000,1333.33,0,f,1,0,0,0,phase 1 & 2
1417,218,25017353700,35,Hovey Avenue,2138,Cambridge,Harvard,Hovey Ave Apartments,1970,Just-A-Start Corp,Yes,0,There is no option for additional parking,f,Apartments,2,3,12,0,17,0,0,0,0,0,0,0,0,0,0,1,1,6,0,8,1000,1250,1250,0,0,0,0,0,5,0,3,0,5,3,2,17,17,0.6,0.18,0.29,0.29,42.3758,-71.1078,5641,26.77,37.95,64.72,90,136371,f,f,2,1,1,0.47,5,12,0,1.71,0.29,0.71,0,1220.59,715.52,0,t,1,0,0,0,phase 1 & 2
1418,219,25017351000,36,Linden Street,2143,Somerville,0,Linden Street Apartments,2002,Wingate Management,No,0,There is no option for additional parking,f,Apartments,0,1,30,11,42,0,0,0,0,0,0,0,0,0,24,0,0,0,0,28,0,1250,1250,1750,0,0,0,0,43,0,25,0,43,25,18,42,18,0.58,1.39,2.39,1.02,42.389,-71.1135,7768,56.76,5.07,61.83,87,116392,f,f,3,2,1,0.67,0,13,5,2.28,0,0.72,0.28,1380.95,617.02,0,t,0,0,0,0,phase 1 & 2
1419,220,25017368800,36,River Street,2453,Waltham,0,Currents on the Charles,2015,Bozzuto,No,$50,Parking is not included with rent/purchase price-- residents pay for each space requested,f,Apartments,7,107,82,4,200,0,0,0,0,0,0,4,0,0,4,1,10,8,1,20,2100,2400,3100,3700,0,0,0,0,17,281,17,218,298,235,63,200,196,0.79,1.2,1.52,1.49,42.3679,-71.2168,4712,6.51,15.75,22.26,76,29051,f,f,3,3,1,0.1,112,80,4,1.45,0.57,0.41,0.02,2572.5,1774.14,16.53,t,0,50,0.02,0.03,phase 1 & 2
1420,221,25017336100,37,Crystal Street,2176,Melrose,0,37 Crystal Street,1968,0,Yes,$0,There is no option for additional parking,f,Apartments,2,10,0,0,12,0,0,0,0,0,0,0,0,0,0,0,0,0,0,0,0,0,0,0,0,0,0,0,15,0,12,0,15,12,3,12,12,0.8,1,1.25,1.25,42.4625,-71.0627,5691,7.39,9.02,16.41,83,16849,f,t,2,1,1,0,12,0,0,1,1,0,0,0,0,0,f,1,0,0,0,phase 1 & 2
1421,222,25017341300,39,Florence Street,2148,Malden,0,Residences at Malden Station,2014,Corcoran Jennison,No,$50-$85,Parking is not included with rent/purchase price-- residents pay for each space requested,f,Apartments,18,39,27,0,84,0,0,0,0,0,1,2,1,0,4,0,0,0,0,0,1750,2250,2750,0,0,0,0,0,30,0,26,0,30,26,4,84,80,0.87,0.33,0.38,0.36,42.4281,-71.0724,5363,45.57,49.67,95.24,91,98641,t,t,3,2,1,0,54,26,0,1.33,0.68,0.33,0,2303.57,1743.24,0,f,0,50,0.02,0.03,phase 1 & 2
1422,223,25025140300,39,Maple Street,2136,Boston,Hyde Park,Riley House,2007,Maloney Properties,Yes,0,Parking is provided on a first come; first served basis,f,Apartments,0,41,0,0,41,0,0,0,0,0,0,0,0,0,0,0,41,0,0,41,0,1000,0,0,0,0,0,0,45,0,9,0,45,9,36,41,41,0.2,0.22,1.1,1.1,42.2547,-71.1229,7361,19.69,8.81,28.5,79,82153,f,t,3,2,1,1,41,0,0,1,1,0,0,1000,1000,0,f,1,0,0,0,phase 1 & 2
1423,224,25017341200,397,Highland Avenue,2148,Malden,0,397 Highland Avenue,1920,0,Yes,$0,There is no option for additional parking,f,Apartments,2,10,0,0,12,0,0,0,0,0,0,0,0,0,0,1,3,0,0,4,0,0,0,0,0,0,0,0,40,0,21,0,40,21,19,24,24,0.53,0.88,1.67,1.67,42.4259,-71.0805,7152,19.9,2.89,22.79,81,53511,t,t,1,1,1,0.17,24,0,0,1,1,0,0,0,0,0,f,1,0,0,0,phase 1 & 2
1424,225,25025130406,400A,Georgetown Drive,2136,Boston,Hyde Park,Georgetowne Homes One & Two,2015,Beacon Communities,Yes,0,There is no option for additional parking,f,Apartments,0,121,801,45,967,0,0,0,0,0,0,1,14,1,16,0,92,566,23,681,0,1250,1250,1750,0,0,0,0,1055,0,841,0,1055,841,214,967,951,0.8,0.88,1.11,1.09,42.259,-71.1454,6011,45.13,1.35,46.48,27,5095,f,f,3,3,1,0.7,119,788,44,1.92,0.13,0.83,0.05,1273.27,662.67,0,t,1,0,0,0,phase 1 & 2
1425,226,25017356400,4105,Symmes Court,2474,Arlington,0,4105 Symmes Court,2013,0,No,$75 for the  first parking space; $125 for additional,Parking is not included with rent/purchase price-- residents pay for each space requested,f,Apartments,15,47,80,22,164,0,0,0,0,0,0,0,0,0,0,3,9,15,8,35,0,0,0,0,0,0,0,0,80,283,36,80,363,116,247,164,164,0.32,0.71,2.21,2.21,42.4241,-71.1618,7505,10.53,0.24,10.78,45,13539,f,f,3,3,1,0.21,62,80,22,1.76,0.38,0.49,0.13,0,0,3.54,f,0,75,0,0,phase 1 & 2
1426,227,25017336402,42,Emerson West Street,2176,Melrose,0,42 Emerson West Street,1960,0,Yes,0,There is no option for additional parking,f,Apartments,0,20,12,0,32,0,0,0,0,0,0,0,2,0,2,0,0,0,0,0,0,1095,1195,0,0,0,0,0,38,0,28,0,38,28,10,32,30,0.74,0.93,1.27,1.19,42.4586,-71.065,5079,17.36,20.17,37.53,89,17861,f,t,2,2,1,0,19,11,0,1.37,0.63,0.37,0,1132.5,823.64,0,t,1,0,0,0,phase 1 & 2
1427,228,25017336100,43,Albion Street,2176,Melrose,0,43 Albion Street,1976,0,No,$0,There is no option for additional parking,f,Condominiums,0,0,0,0,0,0,1,30,0,31,0,0,0,0,0,0,0,0,0,0,0,0,0,0,0,0,0,0,31,0,14,0,31,14,17,31,31,0.45,0.45,1,1,42.4664,-71.0647,5691,7.39,9.02,16.41,72,16779,f,t,2,2,0,0,1,30,0,1.97,0.03,0.97,0,0,0,0,f,0,0,0,0,phase 1 & 2
1428,229,25017356701,438,Massachusetts Avenue,2474,Arlington,0,438 Massachusetts Avenue,2000,0,No,$125,Parking is not included with rent/purchase price-- residents pay for each space requested,f,Apartments,0,17,115,0,132,0,0,0,0,0,0,0,0,0,0,0,0,0,0,0,0,2000,2600,0,0,0,0,0,50,100,34,93,150,127,23,132,132,0.85,0.96,1.14,1.14,42.4138,-71.1511,6115,27.2,11.09,38.29,91,50572,f,f,2,3,1,0,17,115,0,1.87,0.13,0.87,0,2522.73,1348.18,2,t,0,125,0.05,0.09,phase 1 & 2
1429,230,25017350103,445,Artisan Way,2145,Somerville,0,AVA Somerville,2012,Avalon Bay Communities,No,$100-$175,Parking is not included with rent/purchase price-- residents pay for each space requested,f,Apartments,25,89,136,0,250,0,0,0,0,0,2,0,4,0,6,4,12,16,0,32,2250,3000,3000,0,0,0,0,0,0,339,0,203,339,203,136,250,244,0.6,0.83,1.39,1.36,42.3951,-71.0786,1388,0,22.32,22.32,81,184151,t,f,3,3,1,0.13,111,133,0,1.55,0.45,0.55,0,2925,1894.43,339,f,0,100,0.03,0.05,phase 1 & 2
1430,231,25025000802,446,Cambridge Street,2134,Boston,Allston,446 Cambridge Street,2017,0,No,$150-$225,Parking is not included with rent/purchase price-- residents pay for each space requested,f,Apartments,0,18,19,3,40,0,0,0,0,0,0,0,2,0,2,0,2,3,0,5,0,2750,3000,3000,0,0,0,0,0,40,0,22,40,22,18,40,38,0.55,0.58,1.05,1,42.3543,-71.1356,6598,27.91,22.24,50.15,93,152702,t,t,3,2,1,0.13,17,18,3,1.63,0.45,0.47,0.08,2887.5,1776.92,40,f,0,150,0.05,0.08,phase 1 & 2
1431,232,25017336401,447,Pleasant Street,2176,Melrose,0,447 Pleasant Street,1964,0,Yes,0,There is no option for additional parking,f,Apartments,0,23,0,0,23,0,0,0,0,0,0,2,0,0,2,0,2,0,0,2,0,1325,0,0,0,0,0,0,20,0,16,0,20,16,4,23,21,0.8,0.76,0.95,0.87,42.4505,-71.0702,4744,7.38,1.01,8.39,80,16199,f,t,2,1,1,0.09,21,0,0,1,1,0,0,1325,1325,0,f,1,0,0,0,phase 1 & 2
1432,233,25017350103,449,Canal Street,2145,Somerville,0,Montaje,2015,Greystar,No,$150-$199,Parking is not included with rent/purchase price-- residents pay for each space requested,t,Apartments,30,225,122,14,391,0,0,0,0,0,0,0,0,0,107,0,0,0,0,56,2250,2750,3000,3000,0,0,0,0,0,455,0,310,455,310,145,391,284,0.68,1.09,1.6,1.16,42.3941,-71.0783,1388,0,22.32,22.32,81,184151,t,f,3,3,1,0.14,185,89,10,1.38,0.65,0.31,0.04,2798.59,2022.64,455,f,0,150,0.05,0.07,phase 1 & 2
1433,234,25025070200,45,Stuart Street,2116,Boston,Back Bay,AVA Theater District,2015,Avalon Bay Communities,No,$350,0,f,Apartments,64,189,145,0,398,0,0,0,0,0,5,3,12,0,20,6,19,15,0,40,2750,3000,3000,0,0,0,0,0,0,377,0,230,377,230,147,585,561,0.61,0.41,0.67,0.64,42.3515,-71.0639,5503,92.19,350.76,442.95,99,666769,t,t,3,3,1,0.07,357,204,0,1.36,0.64,0.36,0,2959.8,2169.43,377,f,0,350,0.12,0.16,phase 1 & 2
1434,235,25021417901,45,Winter Street,2169,Quincy,0,Winter Gardens Apartments,2012,Maloney Properties,No,0,There is no option for additional parking,f,Apartments,0,3,18,3,24,0,0,0,0,0,0,0,0,0,0,0,3,8,2,13,0,1000,1250,1750,0,0,0,0,20,0,15,0,20,15,5,24,24,0.75,0.63,0.83,0.83,42.2407,-70.9801,6496,13.43,2.59,16.02,56,19149,f,f,3,1,1,0.54,3,18,3,2,0.13,0.75,0.13,1281.25,640.63,0,f,0,0,0,0,phase 1 & 2
1435,236,25025092000,455,Geneva Avenue,2122,Boston,Dorchester,Bloomfield Gardens,2016,Trinity Management Company,Yes,0,0,f,Apartments,4,2,17,4,27,0,0,0,0,0,0,0,0,1,1,4,2,17,4,27,1250,1250,1250,1750,0,0,0,0,11,0,11,0,11,11,0,27,26,1,0.42,0.42,0.41,42.2997,-71.0656,5425,36.35,1.43,37.79,90,63550,t,f,3,2,1,1,6,16,4,1.92,0.23,0.62,0.15,1324.07,687.5,0,f,1,0,0,0,phase 1 & 2
1436,237,25025120301,459,Walnut Avenue,2130,Boston,Jamaica Plain,Walnut Ave Apartments LP,0,Pine Street Inn,Yes,0,There is no option for additional parking,t,Apartments,30,1,0,0,31,0,0,0,0,0,4,0,0,0,4,30,0,0,0,30,1000,0,0,0,0,0,0,0,17,0,8,0,17,8,9,31,27,0.47,0.3,0.63,0.55,42.3116,-71.098,5263,55.1,0.5,55.6,88,78376,f,f,0,2,1,0.97,27,0,0,1,1,0,0,1000,1000,0,f,1,0,0,0,phase 1 & 2
1437,238,25025070402,484,Tremont Street,2116,Boston,South End,Castle Square Apartments,2015,Winn Residential,Yes,0,There is no option for additional parking,f,Apartments,0,144,159,197,500,0,0,0,0,0,0,0,1,0,1,0,136,150,164,450,0,2250,2750,3000,0,0,0,0,249,376,225,93,625,318,307,500,499,0.51,0.64,1.25,1.25,42.3459,-71.0691,2207,33.47,21.79,55.27,97,487417,t,t,3,3,1,0.9,143,159,197,2.11,0.29,0.32,0.39,2704.5,1284.19,1.51,f,1,0,0,0,phase 1 & 2
1438,239,25017341400,8,Newman Road,2148,Malden,0,8 Newman Road,1955,0,0,0,If a unit request an additional parking space; they must pay for the space separate from the rental price,f,Condominiums,0,0,0,0,0,2,44,40,0,86,0,0,0,0,0,0,0,0,0,0,0,0,0,0,0,0,0,0,90,0,52,0,90,52,38,86,86,0.58,0.6,1.05,1.05,42.4162,-71.0687,6377,10.58,12.67,23.26,74,25101,f,f,2,2,0,0,46,40,0,1.47,0.53,0.47,0,0,0,0,t,0,0,0,0,phase 1 & 2
1439,240,25025060600,5,Fan Pier Boulevard,2210,Boston,Seaport,VIA Seaport Residences,2017,Berkshire Communities,No,$425-$475,Parking is not included with rent/purchase price-- residents pay for each space requested,f,Apartments,213,182,67,16,478,0,0,0,0,0,58,15,12,10,95,20,19,9,2,50,3000,3000,3000,3000,0,0,0,0,0,249,0,156,249,156,93,478,383,0.63,0.41,0.65,0.52,42.3528,-71.0466,3219,10.43,82.78,93.21,80,557629,t,t,3,3,1,0.1,316,54,13,1.21,0.83,0.14,0.03,3000,2485.27,249,f,0,425,0.14,0.17,phase 1 & 2
1440,241,25025071201,50,Malden Street,2118,Boston,South End,Girard Apartments,2016,Equity Residential,No,$350,Parking is not included with rent/purchase price-- residents pay for each space requested,f,Apartments,0,72,83,5,160,0,0,0,0,0,0,2,0,0,8,0,11,10,0,21,0,3000,3000,3000,0,0,0,0,0,92,0,67,92,67,25,160,152,0.73,0.44,0.61,0.58,42.34,-71.0676,3581,28.02,48.19,76.2,97,436773,t,f,3,3,1,0.13,68,79,5,1.59,0.45,0.52,0.03,3000,1897.23,92,f,0,350,0.12,0.18,phase 1 & 2
1441,242,25017339801,50,Station Landing,2155,Medford,0,Station Landing,2009,National Development,Yes,$180,If a unit request an additional parking space; they must pay for the space separate from the rental price,t,Apartments,0,0,0,0,292,0,0,0,0,0,0,0,0,0,0,0,0,0,0,10,0,2400,3000,3750,0,0,0,0,0,324,0,232,324,232,92,292,292,0.72,0.79,1.11,1.11,42.4039,-71.0803,4938,16.23,10.29,26.51,79,70795,t,f,3,3,1,0.03,155,119,18,1.53,0.53,0.41,0.06,0,0,324,f,1,180,0,0,phase 1 & 2
1442,243,25025061200,50,West Broadway,2127,Boston,South Boston,50 West Broadway,2010,Corcoran Management,No,$275,Parking is not included with rent/purchase price-- residents pay for each space requested,f,Apartments,8,99,32,0,139,0,0,0,0,0,1,13,3,0,17,2,20,6,0,28,2250,2750,3000,0,0,0,0,0,0,156,0,97,156,97,59,139,122,0.62,0.8,1.28,1.12,42.3424,-71.0558,4265,7.92,27.25,35.17,89,510040,t,f,3,3,1,0.2,94,28,0,1.23,0.77,0.23,0,2778.78,2258.77,156,f,0,275,0.1,0.12,phase 1 & 2
1443,244,25017341902,500,Broadway,2148,Malden,0,Cliffside Commons,2001,Dolben,Yes,$35-$75,If a unit request an additional parking space; they must pay for the space separate from the rental price,f,Apartments,10,137,138,10,295,0,0,0,0,0,0,0,0,0,21,0,0,0,0,0,0,0,0,0,0,0,0,0,260,67,265,20,327,285,42,295,274,0.87,1.04,1.19,1.11,42.4386,-71.0351,8124,13.16,0.41,13.56,57,7190,f,f,3,3,1,0,137,128,9,1.53,0.5,0.47,0.03,0,0,0.26,f,1,35,0,0,phase 1 & 2
1444,245,25017341102,525,Highland Avenue,2148,Malden,0,525 Highland Avenue,1965,0,Yes,$0,There is no option for additional parking,f,Apartments,2,13,16,0,31,0,0,0,0,0,0,0,0,0,0,0,3,0,0,3,0,0,0,0,0,0,0,0,26,0,26,0,26,26,0,31,31,1,0.84,0.84,0.84,42.4303,-71.0813,4203,19.17,0.73,19.89,63,30801,t,t,2,2,1,0.1,15,16,0,1.52,0.48,0.52,0,0,0,0,f,1,0,0,0,phase 1 & 2
1445,246,25025091400,530,Columbia Road,2125,Boston,Dorchester,Uphams Crossing/St. Kevin's,2015,Corcoran Management,Yes,0,There is no option for additional parking,f,Apartments,0,14,58,8,80,0,0,0,0,0,0,0,0,0,0,0,14,58,8,80,0,1250,1250,1250,0,0,0,0,49,0,40,0,49,40,9,80,80,0.82,0.5,0.61,0.61,42.3156,-71.067,3089,44.28,16.44,60.72,90,118569,f,t,3,2,1,1,14,58,8,1.93,0.18,0.73,0.1,1250,649.35,0,f,1,0,0,0,phase 1 & 2
1446,247,25025070402,55,Traveler Street,2118,Boston,South End,TROY Boston,2014,Greystar,No,$250-$350,Parking is not included with rent/purchase price-- residents pay for each space requested,f,Apartments,81,213,84,0,378,0,0,0,0,0,4,5,7,0,16,10,19,9,0,38,2750,3000,0,3000,0,0,0,0,0,150,0,114,150,114,36,378,362,0.76,0.31,0.41,0.4,42.344,-71.0625,2207,33.47,21.79,55.27,95,511189,t,f,3,3,1,0.1,282,80,0,1.22,0.78,0.22,0,2931.12,2931.12,150,f,0,250,0.09,0.09,phase 1 & 2
1447,248,25017336402,56,Wyoming West Avenue,2176,Melrose,0,56 Wyoming West Avenue,1974,0,Yes,$0,If a unit request an additional parking space; they must pay for the space separate from the rental price,f,Apartments,0,7,23,0,30,0,0,0,0,0,0,0,0,0,0,0,7,23,0,30,0,975,1400,0,0,0,0,0,43,0,33,0,43,33,10,30,30,0.77,1.1,1.43,1.43,42.452,-71.0704,5079,18.03,0.32,18.35,83,28376,f,t,2,2,1,1,7,23,0,1.77,0.23,0.77,0,1300.83,736.32,0,f,1,0,0,0,phase 1 & 2
1448,249,25017336200,560,Lebanon Street,2176,Melrose,0,560 Lebanon Street,2011,0,Yes,0,0,f,Apartments,0,0,10,0,10,0,0,0,0,0,0,0,0,0,0,0,0,0,0,0,0,0,2000,0,0,0,0,0,16,0,10,0,16,10,6,10,10,0.63,1,1.6,1.6,42.4595,-71.062,6045,8.03,21.82,29.84,88,20502,f,t,3,1,1,0,0,10,0,2,0,1,0,2000,1000,0,f,1,0,0,0,phase 1 & 2
1449,250,25017350300,563-565,Broadway,2145,Somerville,0,563-565 Broadway,2014,1359 Realty Trust,Yes,0,There is no option for additional parking,f,Apartments,0,0,8,2,10,0,0,0,0,0,0,0,0,0,0,0,0,0,0,1,0,0,2750,3000,0,0,0,0,10,0,11,0,10,11,-1,10,10,1,1.1,1,1,42.3985,-71.1074,2585,20.16,5.28,25.44,84,98163,f,f,3,1,1,0.1,0,8,2,2.2,0,0.8,0.2,2800,1272.73,0,f,1,0,0,0,phase 1 & 2
1450,251,25017336200,585,Main Street,2176,Melrose,0,585 Main Street,1897,0,Yes,0,Residents may rent  spaces off-site,f,Apartments,0,26,20,3,49,0,0,0,0,0,0,2,0,0,2,0,0,0,0,0,0,1375,1765,1960,0,0,0,0,64,0,54,0,64,54,10,49,47,0.84,1.15,1.36,1.31,42.4572,-71.0633,6045,8.03,21.82,29.84,90,17559,f,t,1,2,1,0,25,19,3,1.53,0.53,0.4,0.06,1570,1025.73,0,f,1,0,0,0,phase 1 & 2
1451,252,25017341300,59,Green Street,2148,Malden,0,Robinson Cuticura Mill Apartments,0,Beacon Communities,Yes,0,There is no option for additional parking,f,Apartments,0,84,7,3,94,0,0,0,0,0,0,0,0,0,0,0,84,7,2,93,0,2250,2250,0,0,0,0,0,0,64,0,19,64,19,45,94,94,0.3,0.2,0.68,0.68,42.4188,-71.0709,5363,4.58,30.18,34.75,80,27966,f,f,0,2,1,0.99,84,7,3,1.14,0.89,0.07,0.03,2250,2089.29,64,f,1,0,0,0,phase 1 & 2
1452,253,25017341102,597,Pleasant Street,2148,Malden,0,597 Pleasant Street,1977,0,Yes,0,If a unit request an additional parking space; they must pay for the space separate from the rental price,f,Apartments,0,24,16,0,40,0,0,0,0,0,0,0,0,0,0,0,0,0,0,0,0,1200,1400,0,0,0,0,0,23,23,23,17,46,40,6,40,40,0.87,1,1.15,1.15,42.4253,-71.0879,4203,14.47,3.58,18.05,64,25188,f,f,2,2,1,0,24,16,0,1.4,0.6,0.4,0,1280,914.29,1,f,1,0,0,0,phase 1 & 2
1453,254,25021417701,6,Fort Street,2169,Quincy,0,Fort Street Apartments,2012,Maloney Properties,No,0,There is no option for additional parking,f,Apartments,0,8,23,3,34,0,0,0,0,0,0,0,0,0,0,0,2,8,1,11,0,1000,1250,1750,0,0,0,0,0,35,0,29,35,29,6,34,34,0.83,0.85,1.03,1.03,42.2446,-71.0066,5380,10.03,36.64,46.67,86,31937,f,t,3,2,1,0.32,8,23,3,1.85,0.24,0.68,0.09,1235.29,666.67,35,f,0,0,0,0,phase 1 & 2
1454,255,25017354600,603,Concord Avenue,2138,Cambridge,Alewife,603 Concord Avenue,2015,Acorn Holdings,No,$185,Residents may rent spaces from one another,f,Apartments,8,35,18,0,61,0,0,0,0,0,1,1,2,0,4,1,4,2,7,14,2250,2750,3000,0,0,0,0,0,8,53,5,45,61,50,11,61,57,0.82,0.88,1.07,1,42.389,-71.1446,5585,7.05,21.23,28.27,67,62774,f,f,3,2,1,0.23,40,17,0,1.3,0.7,0.3,0,2758.2,2129.75,6.63,t,0,185,0.07,0.09,phase 1 & 2
1455,256,25025000802,61-71,Hano Street,2134,Boston,Allston,Brian J Honan Apartments,2002,Maloney Properties,Yes,0,There is no option for additional parking,f,Apartments,0,11,29,10,50,0,0,0,0,0,0,1,0,0,1,0,11,29,10,50,0,1250,1250,1750,0,0,0,0,52,0,38,0,52,38,14,50,49,0.73,0.78,1.06,1.04,42.3559,-71.1373,6598,27.91,22.24,50.15,82,102232,t,t,3,2,1,1,11,28,10,1.98,0.22,0.57,0.2,1350,681.82,0,t,1,0,0,0,phase 1 & 2
1456,257,25017341800,62,Willow Street,2148,Malden,0,Bryant Terrace Apartments,1970,0,Yes,$0,Parking is provided on a first come; first served basis,f,Apartments,0,12,72,24,108,0,0,0,0,0,0,1,2,0,3,0,12,72,24,108,0,700,800,900,0,0,0,0,140,0,106,0,140,106,34,108,105,0.76,1.01,1.33,1.3,42.4268,-71.0542,6554,14.46,1.88,16.34,73,18357,f,f,2,3,1,1,12,70,23,2.1,0.11,0.67,0.22,811.11,384.21,0,f,1,0,0,0,phase 1 & 2
1457,258,25017353200,625,Putnam Avenue,2139,Cambridge,Cambridgeport,625 Putnam Avenue,2012,Winn Residential,Yes,0,There is no option for additional parking,f,Mix,0,10,20,10,40,0,0,0,0,0,0,0,0,0,0,0,10,20,10,40,0,1250,1250,1750,0,1200,1400,1550,0,32,0,14,32,14,18,40,40,0.44,0.35,0.8,0.8,42.3562,-71.1065,5131,26.39,11.4,37.78,76,229528,t,f,3,2,1,1,10,20,10,2,0.25,0.5,0.25,1375,687.5,32,t,1,0,0,0,phase 1 & 2
1458,259,25021418004,625,Thomas E. Burgin Parkway,2169,Quincy,0,Deco,2016,Lincoln Property Company,No,$125,There is no option for additional parking,f,Apartments,34,91,55,0,180,0,0,0,0,0,1,5,3,0,9,0,0,0,0,0,1750,2250,2750,0,0,0,0,0,0,172,0,172,172,172,0,180,171,1,1.01,1.01,0.96,42.2343,-71.0087,4377,6.92,21.07,27.99,61,42214,t,f,3,3,1,0,119,52,0,1.3,0.7,0.3,0,2308.33,1768.09,172,f,0,125,0.05,0.07,phase 1 & 2
1459,260,25017353000,632,Massachusetts Avenue,2139,Cambridge,Central,The Holmes Building,2012,Hunneman Management & Development Company,No,$225,Parking is not included with rent/purchase price-- residents pay for each space requested,f,Apartments,0,36,57,0,93,0,0,0,0,0,0,0,1,0,1,0,6,8,0,14,0,2250,3000,0,0,0,0,0,0,70,0,60,70,60,10,93,92,0.86,0.65,0.76,0.75,42.365,-71.1039,3609,82.8,56.3,139.09,97,633983,t,f,3,2,1,0.15,36,56,0,1.61,0.39,0.61,0,2709.68,1680,70,f,0,225,0.08,0.13,phase 1 & 2
1460,261,25025120301,65,Cornwall Street,2130,Boston,Jamaica Plain,JP Cohousing,2010,JP Cohousing,Yes,0,Residents may rent spaces off-site,f,Condominiums,0,0,0,0,0,3,6,12,9,30,0,0,0,0,0,0,1,1,1,3,0,0,0,0,0,0,0,0,46,0,32,0,46,32,14,30,30,0.7,1.07,1.53,1.53,42.3126,-71.1051,5263,21.5,15.75,37.25,88,129728,t,f,3,2,0,0.1,9,12,9,2,0.3,0.4,0.3,0,0,0,t,1,0,0,0,phase 1 & 2
1461,262,25025160300,9,Captains Row,2150,Chelsea,0,9 Captains Row,1987,0,Yes,$0,Residents may rent spaces from one another,f,Condominiums,0,0,0,0,0,0,0,37,0,37,0,0,0,0,0,0,0,0,0,0,0,0,0,0,0,0,0,0,37,0,30,0,37,30,7,37,37,0.81,0.81,1,1,42.3885,-71.046,2476,19.33,3.6,22.93,60,58102,f,f,2,2,0,0,0,37,0,2,0,1,0,0,0,0,f,1,0,0,0,phase 1 & 2
1462,263,25017341200,66; 92; 108,Devir Street,2148,Malden,0,66; 92; 108 Devir Street,1978,0,0,0,0,f,Apartments,0,0,0,0,0,0,0,0,0,0,0,0,0,0,0,0,0,0,0,0,0,0,0,0,0,0,0,0,155,0,60,0,155,60,95,118,118,0.39,0.51,1.31,1.31,42.4156,-71.0811,7152,14.54,10.2,24.74,69,20204,f,f,2,3,0,0,63,48,7,1.53,0.53,0.41,0.06,0,0,0,f,0,0,0,0,phase 1 & 2
1463,264,25025170501,660,Ocean Avenue,2151,Revere,0,Vanguard Waterfront Square,2015,Bozzuto,No,$75,Parking is not included with rent/purchase price-- residents pay for each space requested,f,Apartments,0,139,51,4,194,0,0,0,0,0,0,22,3,0,25,0,0,0,0,0,0,2250,2750,3000,0,0,0,0,0,215,0,100,215,100,115,194,169,0.47,0.59,1.27,1.11,42.4173,-70.989,3540,15.04,1.89,16.93,47,204397,t,f,3,3,1,0,122,44,3,1.3,0.72,0.26,0.02,2396.91,1837.94,215,f,0,75,0.03,0.04,phase 1 & 2
1464,265,25017341300,68,Washington Street,2148,Malden,0,68 Washington Street,1920,0,Yes,0,Parking is provided on a first come; first served basis,f,Apartments,6,6,6,0,18,0,0,0,0,0,0,0,0,0,0,0,0,0,0,0,0,0,0,0,0,0,0,0,18,0,7,0,18,7,11,18,18,0.39,0.39,1,1,42.4295,-71.0714,5363,45.57,49.67,95.24,93,89063,t,t,1,1,1,0,12,6,0,1.33,0.67,0.33,0,0,0,0,f,1,0,0,0,phase 1 & 2
1465,266,25017355000,7,Cameron Avenue,2140,Cambridge,North Cambridge,7 Cameron,2012,Acorn Holdings,No,$185,Parking is not included with rent/purchase price-- residents pay for each space requested,f,Apartments,0,10,27,0,37,0,0,0,0,0,0,0,0,0,0,0,2,2,0,4,0,2750,3000,0,0,0,0,0,7,31,6,26,38,32,6,37,37,0.84,0.86,1.03,1.03,42.3982,-71.1302,3157,32.03,10.43,42.46,93,85692,t,f,3,2,1,0.11,10,27,0,1.73,0.27,0.73,0,2932.43,1695.31,4.43,t,0,185,0.06,0.11,phase 1 & 2
1466,267,25017350104,7,Memorial Road,2145,Somerville,0,Saint Polycarp Village,2013,Wingate Management,No,0,There is no option for additional parking,f,Apartments,0,16,49,19,84,0,0,0,0,0,0,0,0,0,0,0,16,49,19,84,0,1250,1250,1750,0,0,0,0,65,21,43,15,86,58,28,84,84,0.67,0.69,1.02,1.02,42.3958,-71.0912,7610,41.82,2.82,44.64,79,91672,f,f,3,2,1,1,16,49,19,2.04,0.19,0.58,0.23,1363.1,669.59,0.32,f,0,0,0,0,phase 1 & 2
1467,268,25017341400,72,Ashland Street,2148,Malden,0,72 Ashland Street,1889,0,Yes,$0,There is no option for additional parking,f,Condominiums,0,0,0,0,0,0,19,15,0,34,0,0,0,0,0,0,2,1,0,3,0,0,0,0,0,0,0,0,53,0,35,0,53,35,18,34,34,0.66,1.03,1.56,1.56,42.4198,-71.0633,6377,60.43,0.57,61,85,30587,f,f,1,2,0,0.09,19,15,0,1.44,0.56,0.44,0,0,0,0,f,1,0,0,0,phase 1 & 2
1468,269,25017342400,73,Winthrop Street,2149,Everett,0,73 Winthrop Street,1981,0,Yes,$0,If a unit request an additional parking space; they must pay for the space separate from the rental price,f,Apartments,1,17,0,0,18,1,0,0,0,0,0,0,0,0,0,0,3,0,0,3,950,1250,0,0,0,0,0,0,20,0,15,0,20,15,5,18,18,0.75,0.83,1.11,1.11,42.4073,-71.0585,6963,27.29,6.65,33.94,93,41610,f,f,2,1,1,0.17,18,0,0,1,1,0,0,1233.33,1233.33,0,f,1,0,0,0,phase 1 & 2
1469,270,25025081300,75,Amory Avenue,2119,Boston,Jamaica Plain,75 Amory Apartments LLC,2017,Peabody Properties,No,0,0,f,Apartments,0,10,19,10,39,0,0,0,0,0,0,1,0,0,1,0,6,4,9,19,0,1250,1250,2250,0,0,0,0,27,0,27,0,27,27,0,39,38,1,0.71,0.71,0.69,42.321,-71.1007,5573,35.2,13.78,48.98,82,269176,t,f,3,2,1,0.49,9,19,10,2.03,0.24,0.5,0.26,1506.41,753.21,0,f,0,0,0,0,phase 1 & 2
1470,271,25025000802,75,Braintree Street,2134,Boston,Allston,Trac 75,2017,Dolben,No,$175-$225,Parking is not included with rent/purchase price-- residents pay for each space requested,f,Apartments,11,48,15,6,80,0,0,0,0,0,0,0,0,0,2,0,0,0,0,11,2392,2614,3691,4568,0,0,0,0,0,64,0,45,64,45,19,80,78,0.7,0.58,0.82,0.8,42.3564,-71.1358,6598,27.91,22.24,50.15,86,96353,t,t,3,2,1,0.14,57,15,6,1.35,0.73,0.19,0.08,2931.96,2192.12,64,f,0,175,0.06,0.08,phase 1 & 2
1471,272,25017368902,77,Lexington Street,2452,Waltham,0,St. Mary's Apartments,2001,Maloney Properties,Yes,0,Parking is provided on a first come; first served basis,f,Apartments,0,70,0,0,70,0,0,0,0,0,0,1,0,0,1,0,70,0,0,70,0,1000,0,0,0,0,0,0,35,0,26,0,35,26,9,70,69,0.74,0.38,0.51,0.5,42.3791,-71.2355,4564,6.03,6.3,12.33,87,35671,f,t,3,2,1,1,69,0,0,1,1,0,0,1000,1000,0,f,1,0,0,0,phase 1 & 2
1472,273,25017354600,80,Fawcett Street,2138,Cambridge,Alewife,Atmark Cambridge,2014,Bozzuto,No,$195,0,t,Apartments,100,175,100,0,428,0,0,0,0,0,0,0,0,0,21,0,0,0,0,86,2060,2500,3100,0,0,0,0,0,0,402,0,270,402,270,132,428,407,0.67,0.66,0.99,0.94,42.3917,-71.1458,5585,7.05,21.23,28.27,58,62774,t,f,3,3,1,0.2,298,109,0,1.27,0.73,0.27,0,2542.67,2007.37,402,f,0,195,0.08,0.1,phase 1 & 2
1473,274,25017353101,821-825,Main Street,2139,Cambridge,Central,821-825 Main Street Condos,2009,Wingate Management,Yes,0,There is no option for additional parking,f,Condominiums,0,0,0,0,10,0,0,0,0,0,0,0,0,0,0,0,0,0,0,0,0,0,0,0,0,0,0,0,9,0,7,0,9,7,2,10,10,0.78,0.7,0.9,0.9,42.3635,-71.0977,2623,25.44,32.96,58.4,92,447004,t,f,3,1,1,0,4,5,1,1.7,0.4,0.5,0.1,0,0,0,f,1,0,0,0,phase 1 & 2
1474,275,25025170300,83,Ward Street,2151,Revere,0,Rumney Flats,2016,Dolben,Yes,$50,If a unit request an additional parking space; they must pay for the space separate from the rental price,f,Apartments,30,91,110,0,231,0,0,0,0,0,3,8,6,0,17,0,0,0,0,0,1750,1750,2250,0,0,0,0,0,268,0,227,0,268,227,41,231,214,0.85,1.06,1.25,1.16,42.4251,-71.0064,8806,2.34,3.71,6.05,75,5972,f,f,3,3,1,0,112,102,0,1.48,0.52,0.48,0,1988.1,1346.77,0,f,1,50,0.03,0.04,phase 1 & 2
1475,276,25017341102,86,Maple Street,2148,Malden,0,86 Maple Street,1925,0,No,$75,0,f,Apartments,0,27,14,0,41,0,0,0,0,0,0,0,0,0,0,0,0,0,0,0,0,1600,1800,0,0,0,0,0,52,0,30,0,52,30,22,41,41,0.58,0.73,1.27,1.27,42.4289,-71.077,4203,27.9,7.73,35.62,81,44239,t,t,1,2,1,0,27,14,0,1.34,0.66,0.34,0,1668.29,1243.64,0,f,0,75,0.04,0.06,phase 1 & 2
1476,277,25017354600,87,New Street,2138,Cambridge,Alewife,Park 87,2010,Acorn Holdings,No,$185,Parking is not included with rent/purchase price-- residents pay for each space requested,f,Apartments,0,27,27,0,54,0,0,0,0,0,0,1,0,0,1,0,3,3,0,6,0,2750,3000,0,0,0,0,0,14,40,10,30,54,40,14,54,53,0.74,0.75,1.02,1,42.3897,-71.1395,5585,14.93,4.78,19.71,78,66830,t,f,3,2,1,0.11,26,27,0,1.51,0.49,0.51,0,2875,1916.67,2.86,f,0,185,0.06,0.1,phase 1 & 2
1477,278,25025160300,90,Broadway,2150,Chelsea,0,90 Broadway,1920,0,Yes,$0,Parking is provided on a first come; first served basis,f,Apartments,3,9,0,0,12,0,0,0,0,0,0,0,0,0,0,0,3,0,0,3,925,975,0,0,0,0,0,0,12,0,12,0,12,12,0,12,12,1,1,1,1,42.3885,-71.0423,2476,19.33,3.6,22.93,79,125712,f,f,1,1,1,0.25,12,0,0,1,1,0,0,962.5,962.5,0,t,1,0,0,0,phase 1 & 2
1478,279,25025160101,88,Gerrish Avenue,2150,Chelsea,0,88 Gerrish Avenue,2014,0,Yes,0,If a unit request an additional parking space; they must pay for the space separate from the rental price,f,Apartments,47,6,0,0,53,0,0,0,0,0,3,2,0,0,5,0,5,0,0,5,1675,1750,0,0,0,0,0,0,38,0,31,0,38,31,7,53,48,0.82,0.65,0.79,0.72,42.3934,-71.028,9286,68.29,2.79,71.08,84,84836,f,t,3,2,1,0.09,48,0,0,1,1,0,0,1683.49,1683.49,0,t,1,0,0,0,phase 1 & 2
1479,280,25017341102,9,Maple Street,2148,Malden,0,9 Maple Street,1979,0,Yes,$50,If a unit request an additional parking space; they must pay for the space separate from the rental price,f,Condominiums,0,0,0,0,0,0,0,6,0,6,0,0,0,0,0,0,0,6,0,6,0,0,0,0,0,0,0,0,46,0,38,0,46,38,8,49,49,0.83,0.78,0.94,0.94,42.4294,-71.0745,4203,36.81,3,39.81,86,78913,t,t,2,2,0,0.12,0,49,0,2,0,1,0,0,0,0,f,0,50,0,0,phase 1 & 2
1480,281,25025081200,90,Bickford Street,2130,Boston,Jamaica Plain,Bickford Street Elderly Housing Corporation,2006,Peabody Properties,No,$0,0,f,Apartments,0,56,0,0,56,0,0,0,0,0,0,0,0,0,0,0,56,0,0,56,0,1000,0,0,0,0,0,0,11,0,1,0,11,1,10,56,56,0.09,0.02,0.2,0.2,42.3239,-71.1017,3577,54.25,6.93,61.19,88,246000,t,f,3,2,1,1,56,0,0,1,1,0,0,1000,1000,0,f,0,0,0,0,phase 1 & 2
1481,282,25025010204,900,Beacon Street,2215,Boston,Fenway/Kenmore,Gateway Boston,2017,Gibson Sotheby's International Realty,No,$250,Parking is not included with rent/purchase price-- residents pay for each space requested,f,Apartments,0,32,0,0,32,0,0,0,0,0,0,1,0,0,1,0,1,0,0,1,0,3000,0,0,0,0,0,0,0,31,0,12,31,12,19,32,31,0.39,0.39,1,0.97,42.3468,-71.1057,3354,78.94,6.17,85.11,92,416450,t,t,3,2,1,0.03,31,0,0,1,1,0,0,3000,3000,31,f,0,250,0.08,0.08,phase 1 & 2
1482,283,25025160200,92-100,Pearl Street,2150,Chelsea,0,92-100 Pearl Street,2002,0,0,0,0,f,Apartments,0,0,0,0,17,0,0,0,0,0,0,0,0,0,0,0,0,0,0,0,0,0,0,0,0,0,0,0,18,0,13,0,18,13,5,23,23,0.72,0.57,0.78,0.78,42.3892,-71.0382,4357,66.03,11.97,78,88,228527,f,t,3,1,1,0,10,11,2,1.65,0.43,0.48,0.09,0,0,0,f,0,0,0,0,phase 1 & 2
1483,284,25017356702,924-932,Massachusetts Avenue,2474,Arlington,0,924-932 Massachusetts Avenue,1950,0,Yes,$100,Parking is provided on a first come; first served basis,f,Apartments,0,0,24,0,24,0,0,0,0,0,0,0,2,0,2,0,0,2,0,2,0,0,1400,0,0,0,0,0,13,0,12,0,13,12,1,24,22,0.92,0.55,0.59,0.54,42.4178,-71.1657,6898,19.95,3.83,23.78,83,26774,f,f,2,1,1,0.08,0,22,0,2,0,1,0,1400,700,0,f,1,100,0.07,0.14,phase 1 & 2
1484,285,25017336200,929,Main Street,2176,Melrose,0,929 Main Street,1985,0,Yes,0,Residents may rent spaces from one another,f,Apartments,0,4,4,2,10,0,0,0,0,0,0,0,0,0,0,0,0,0,0,0,0,0,0,0,0,0,0,0,15,0,11,0,15,11,4,10,10,0.73,1.1,1.5,1.5,42.4662,-71.0611,6045,16.42,3.62,20.04,77,17198,f,t,2,1,1,0,4,4,2,1.8,0.4,0.4,0.2,0,0,0,f,1,0,0,0,phase 1 & 2
1485,286,25017342600,97,Ferry Street,2149,Everett,0,97 Ferry Street,1987,0,Yes,$50,0,f,Apartments,0,24,16,0,40,0,0,0,0,0,0,0,0,0,0,0,5,0,0,5,0,1000,1200,0,0,0,0,0,36,24,24,21,60,45,15,40,40,0.75,1.13,1.5,1.5,42.4072,-71.0465,5263,57.68,1.6,59.27,87,31715,f,f,2,2,1,0.13,24,16,0,1.4,0.6,0.4,0,1080,771.43,0.67,f,1,50,0.05,0.06,phase 1 & 2
1486,287,25017336402,99,Essex Street,2176,Melrose,0,99 Essex Street,1950,0,Yes,0,0,f,Apartments,0,8,7,0,15,0,0,0,0,0,0,1,1,0,2,0,1,1,0,2,0,1644,2268,0,0,0,0,0,22,0,18,0,22,18,4,15,13,0.82,1.38,1.69,1.47,42.4571,-71.0676,5079,17.36,20.17,37.53,90,19340,f,t,2,1,1,0.13,7,6,0,1.46,0.54,0.46,0,1935.2,1319.45,0,f,1,0,0,0,phase 1 & 2
1487,288,25017374100,99,Needham Street,2461,Newton,0,Avalon at Newton Highlands,2003,Avalon Bay Communities,Yes,0,If a unit request an additional parking space; they must pay for the space separate from the rental price,f,Apartments,9,90,139,59,294,0,0,0,0,0,0,0,0,0,0,0,24,35,15,74,2250,3000,3000,3000,0,0,0,0,126,372,90,213,498,303,195,294,294,0.61,1.03,1.69,1.69,42.3141,-71.2133,4934,7.23,12.94,20.17,64,27604,t,f,3,3,1,0.25,98,138,58,1.86,0.33,0.47,0.2,2977.27,1596.12,2.95,f,1,0,0,0,phase 1 & 2
1488,289,25017336100,990,Main Street,2176,Melrose,0,990 Main Street,1956,0,Yes,$0,There is no option for additional parking,f,Apartments,4,4,0,0,8,0,0,0,0,0,0,0,0,0,0,0,1,0,0,1,750,900,0,0,0,0,0,0,8,0,6,0,8,6,2,8,8,0.75,0.75,1,1,42.4697,-71.0612,5691,16.19,1.64,17.83,70,15005,f,t,2,1,1,0.13,8,0,0,1,1,0,0,825,825,0,f,1,0,0,0,phase 1 & 2
1489,290,25009210800,15,Central Street,1960,Peabody,,15-17 Central St,,East Coast Property Management,,,,,Apartments,0,0,0,0,0,0,0,0,0,0,0,0,0,0,1,0,0,0,0,8,,1250,1750,,0,0,0,0,20,0,10,0,20,10,10,12,11,0.5,0.909091,1.66667,1.66667,42.5275,-70.9272,5084,25.3675,11.3262,36.6937,91,8802,f,f,0,1,0,0.666667,5,5,1,1.63636,0.454545,0.454545,0.0909091,0,0,0,f,0,0,0,0,phase 3
1490,291,25009210700,85,Main Street,1960,Peabody,,85 Main Street,,N/A,,,,,Apartments,0,0,0,0,0,0,0,0,0,0,0,0,0,0,0,0,0,0,0,0,,1250,,,0,0,0,0,18,0,17,0,18,17,1,18,18,0.944444,0.944444,1,1,42.5241,-70.924,4317,20.3467,11.5492,31.8959,89,8053,f,f,0,1,0,0,8,9,1,1.61111,0.444444,0.5,0.0555556,0,0,0,f,0,0,0,0,phase 3
1491,292,25009204500,190,Bridge Street,1970,Salem,,Bell at Salem Station,,Bell Partners,,,,,Apartments,0,0,0,0,0,0,0,0,0,0,0,0,0,0,4,0,0,0,0,0,,2250,2750,,0,0,0,0,318,0,234,0,318,234,84,266,262,0.735849,0.89313,1.19549,1.19549,42.5252,-70.894,3251,14.2925,23.1067,37.3991,94,18327,f,f,0,3,0,0,137,107,18,1.5458,0.522901,0.408397,0.0687023,0,0,0,f,0,0,0,0,phase 3
1492,293,25009210600,200,Lynn Street,1960,Peabody,,Brown School Residences,,Wingate Companies,,,,,Apartments,0,0,0,0,0,0,0,0,0,0,0,0,0,0,0,0,0,0,0,0,,1250,1250,,0,0,0,0,64,0,52,0,64,52,12,61,61,0.8125,0.852459,1.04918,1.04918,42.5038,-70.9512,4657,9.72,1.01079,10.7308,54,3878,f,f,0,2,0,0,28,28,5,1.62295,0.459016,0.459016,0.0819672,0,0,0,f,0,0,0,0,phase 3
1493,294,25009217300,375,Rantoul Street,1915,Beverly,,Burnham Apartments,,The Dolben Company,,,,,Apartments,0,0,0,0,0,0,0,0,0,0,0,0,0,0,2,0,0,0,0,5,,1750,1750,,0,0,0,0,41,0,31,0,41,31,10,38,36,0.756098,0.861111,1.07895,1.07895,42.5529,-70.8821,4761,13.8081,7.37042,21.1785,94,0,f,f,0,2,0,0.131579,16,17,3,1.63889,0.444444,0.472222,0.0833333,0,0,0,f,0,0,0,0,phase 3
1494,295,25009217500,321,Cabot Street,1915,Beverly,,CSH,,YMCA of the North Shore Housing,,,,,Apartments,0,0,0,0,0,0,0,0,0,0,0,0,0,0,0,0,0,0,0,8,1000,,,,0,0,0,0,29,0,13,0,29,13,16,43,43,0.448276,0.302326,0.674419,0.674419,42.5536,-70.8783,6570,15.3871,1.00759,16.3947,94,0,f,f,0,2,0,0.186047,19,20,4,1.65116,0.44186,0.465116,0.0930233,0,0,0,f,0,0,0,0,phase 3
1495,296,25009217401,130,Cabot Street,1915,Beverly,,Cabot Street Apartments,,Holloran Companies,,,,,Apartments,0,0,0,0,0,0,0,0,0,0,0,0,0,0,0,0,0,0,0,0,,1750,2250,2000,0,0,0,0,12,0,12,0,12,12,0,11,11,1,1.09091,1.09091,1.09091,42.5466,-70.88,0,0,0,0,90,0,f,f,0,1,0,0,5,5,1,1.63636,0.454545,0.454545,0.0909091,0,0,0,f,0,0,0,0,phase 3
1496,297,25009211401,121,Conifer Hill Drive,1923,Danvers,,Conifer Hill Commons,,Maloney Properties,,,,,Apartments,0,0,0,0,0,0,0,0,0,0,0,0,0,0,3,0,0,0,0,4,,1250,1250,1250,0,0,0,0,159,0,97,0,159,97,62,90,87,0.610063,1.11494,1.76667,1.76667,42.587,-70.9628,4186,0,0,0,42,0,f,f,0,2,0,0.0444444,40,40,7,1.62069,0.45977,0.45977,0.0804598,0,0,0,f,0,0,0,0,phase 3
1497,298,25009210302,51,Keyes Drive,1960,Peabody,,Eaves Peabody,,Avalon,,,,,Apartments,0,0,0,0,0,0,0,0,0,0,0,0,0,0,13,0,0,0,0,0,,1750,2000,,0,0,0,0,458,0,390,0,458,390,68,268,255,0.851528,1.52941,1.70896,1.70896,42.5435,-70.9511,0,0,0,0,61,0,f,f,0,3,0,0,134,104,17,1.54118,0.52549,0.407843,0.0666667,0,0,0,f,0,0,0,0,phase 3
1498,299,25009217402,45,Rantoul Street,1915,Beverly,,Edwards Harbor View Condominiums,,Symes Associates,,,,,Condominiums,0,0,0,0,0,0,0,0,0,0,0,0,0,0,0,0,0,0,0,0,,,,,0,0,0,0,51,0,37,0,51,37,14,28,28,0.72549,1.32143,1.82143,1.82143,42.5437,-70.8846,0,0,0,0,84,0,f,f,0,2,0,0,13,13,2,1.60714,0.464286,0.464286,0.0714286,0,0,0,f,0,0,0,0,phase 3
1499,300,25009217300,201,Elliott Street,1915,Beverly,,Elliott Landing,,Cummings Properties; LLC,,,,,Condominiums,0,0,0,0,0,0,0,0,0,0,0,0,0,0,1,0,0,0,0,0,,2750,3000,3000,0,0,0,0,54,90,23,57,144,80,64,73,72,0.555556,1.11111,1.9726,1.9726,42.5565,-70.8864,4761,5.21772,47.5373,52.755,92,14863,f,f,0,2,0,0,33,33,6,1.625,0.458333,0.458333,0.0833333,0,0,1.66667,f,0,0,0,0,phase 3
1500,301,25009217402,79,Rantoul Street,1915,Beverly,,Enterprise Apartments,,The Dolben Company,,,,,Apartments,0,0,0,0,0,0,0,0,0,0,0,0,0,0,0,0,0,0,0,6,,1750,2000,,0,0,0,0,0,43,0,39,43,39,4,45,45,0.906977,0.866667,0.955556,0.955556,42.5445,-70.8846,0,0,0,0,88,0,f,f,0,2,0,0.133333,20,21,4,1.64444,0.444444,0.466667,0.0888889,0,0,43,f,0,0,0,0,phase 3
1501,302,25009217401,131,Rantoul Street,1915,Beverly,,Flats at 131,,The Dolben Company,,,,,Apartments,0,0,0,0,0,0,0,0,0,0,0,0,0,0,0,0,0,0,0,9,,1750,2000,,0,0,0,0,33,36,19,27,69,46,23,72,72,0.666667,0.638889,0.958333,0.958333,42.5463,-70.884,0,0,0,0,92,0,f,f,0,2,0,0.125,33,33,6,1.625,0.458333,0.458333,0.0833333,0,0,1.09091,f,0,0,0,0,phase 3
1502,303,25009217300,9,Mill Street,1915,Beverly,,HPH1&2,,YMCA of the North Shore Housing,,,,,Apartments,0,0,0,0,0,0,0,0,0,0,0,0,0,0,0,0,0,0,0,14,,1000,1250,1250,0,0,0,0,25,0,22,0,25,22,3,58,58,0.88,0.37931,0.431034,0.431034,42.5577,-70.8831,4761,5.21772,47.5373,52.755,88,17703,f,f,0,2,0,0.241379,26,27,5,1.63793,0.448276,0.465517,0.0862069,0,0,0,f,0,0,0,0,phase 3
1503,304,25009217300,480,Rantoul Street,1915,Beverly,,Link 480,,The Dolben Company,,,,,Apartments,0,0,0,0,0,0,0,0,0,0,0,0,0,0,5,0,0,0,0,11,1750,1750,2000,,0,0,0,0,103,0,95,0,103,95,8,90,85,0.92233,1.11765,1.14444,1.14444,42.5564,-70.8814,4761,13.8081,7.37042,21.1785,90,18700,f,f,0,2,0,0.122222,39,39,7,1.62353,0.458824,0.458824,0.0823529,0,0,0,f,0,0,0,0,phase 3
1504,305,25009204102,1000,Loring Avenue,1970,Salem,,Loring Towers,,,,,,,Apartments,0,0,0,0,0,0,0,0,0,0,0,0,0,0,0,0,0,0,0,60,,1000,1250,,0,0,0,0,284,0,205,0,284,205,79,229,229,0.721831,0.895196,1.24017,1.24017,42.4853,-70.9074,4983,8.59424,1.5278,10.122,59,3528,f,f,0,3,0,0.262009,119,94,16,1.55022,0.519651,0.41048,0.069869,0,0,0,f,0,0,0,0,phase 3
1505,306,25009217300,131,McKay Street,1915,Beverly,,McKay,,The Dolben Company,,,,,Apartments,0,0,0,0,0,0,0,0,0,0,0,0,0,0,2,0,0,0,0,4,,1750,2000,,0,0,0,0,58,0,46,0,58,46,12,32,30,0.793103,1.53333,1.8125,1.8125,42.5642,-70.8931,4761,5.21772,47.5373,52.755,56,14863,f,f,0,2,0,0.125,14,14,2,1.6,0.466667,0.466667,0.0666667,0,0,0,f,0,0,0,0,phase 3
1506,307,25009204702,28,Goodhue Street,1970,Salem,,North River Apartments,,,,,,,Apartments,0,0,0,0,0,0,0,0,0,0,0,0,0,0,1,0,0,0,0,6,,1750,2250,,0,0,0,0,94,0,62,0,94,62,32,45,44,0.659574,1.40909,2.08889,2.08889,42.5209,-70.9101,5772,13.1266,5.48194,18.6085,81,16352,f,f,0,2,0,0.133333,20,20,4,1.63636,0.454545,0.454545,0.0909091,0,0,0,f,0,0,0,0,phase 3
1507,308,25009210800,98,Central Street,1960,Peabody,,Penelope 120 Apartments,,Ahepa Management,,,,,Apartments,0,0,0,0,0,0,0,0,0,0,0,0,0,0,1,0,0,0,0,48,,1000,,,0,0,0,0,28,0,23,0,28,23,5,48,47,0.821429,0.489362,0.583333,0.583333,42.5327,-70.9283,5084,22.6584,4.552,27.2104,70,8771,f,f,0,2,0,1,21,22,4,1.6383,0.446809,0.468085,0.0851064,0,0,0,f,0,0,0,0,phase 3
1508,309,25009204701,12,Pope Street,1970,Salem,,Salem Heights,,POAH,,,,,Apartments,0,0,0,0,0,0,0,0,0,0,0,0,0,0,0,0,0,0,0,72,,1250,1250,,0,0,0,0,195,25,157,25,220,182,38,283,283,0.827273,0.64311,0.777385,0.777385,42.5163,-70.9076,6180,3.23961,2.11799,5.3576,68,17025,f,f,0,3,0,0.254417,148,116,19,1.54417,0.522968,0.409894,0.0671378,0,0,0.128205,f,0,0,0,0,phase 3
1509,310,25017370101,1060,Belmont St,2472,Watertown,,,,Maloney Properties,Yes,,There is no option for additional parking.,f,Apartments,1,3,14,0,18,0,0,0,0,0,0,1,1,0,2,1,3,14,0,18,,,,,0,0,0,0,22,0,9,0,22,9,0,36,34,0.409091,0.264706,0.611111,0.611111,42.3822,-71.197,7582,0,0,0,74,0,f,f,0,2,1,0.5,8,26,0,1.76471,0.235294,0.764706,0,1562.5,1562.5,0,f,1,0,0,0,phase 4
1510,311,25017370401,24,Arsenal St,2472,Watertown,,,,Harvest Properties,Yes,,There is no option for additional parking.,f,Condos,0,0,0,0,0,0,4,8,2,14,0,0,0,0,0,0,0,0,0,0,,,,,0,0,575000,0,0,18,0,15,18,15,0,14,14,0.833333,1.07143,1.28571,1.28571,42.3654,-71.183,0,0,0,0,93,0,f,f,0,1,0,0,4,8,2,1.85714,0.285714,0.571429,0.142857,575000,287500,18,f,1,0,0,0,phase 4
1511,312,25021400100,86,Dummer Street,2446,Brookline,,,,Peabody Properties; Inc.,No,No cost for parking space,Other; please specify,f,Apartments,0,6,22,4,32,0,0,0,0,0,0,0,3,0,3,0,6,22,4,32,,,,,0,0,0,0,0,38,0,28,38,28,0,64,61,0.736842,0.459016,0.59375,0.59375,42.3498,-71.115,5304,0,0,0,82,0,f,f,0,2,1,0.5,11,42,8,1.95082,0.180328,0.688525,0.131148,1642.86,920,38,f,0,0,0,0,phase 4
1512,313,25017374800,236,Auburn Street,2466,Newton,,,,Newton Housing Authority,Yes,,There is no option for additional parking.,f,Apartments,0,0,0,0,0,0,0,0,0,0,0,0,0,0,0,0,0,1,2,3,,,,,0,0,0,0,3,0,2,0,3,2,0,3,3,0.666667,0.666667,1,1,42.3456,-71.2451,4976,11.6908,6.45062,18.1414,80,21193,f,f,0,1,0,1,2,1,0,1.33333,0.666667,0.333333,0,0,0,0,f,1,0,0,0,phase 4
1513,314,25017373400,28,Austin Street,2460,Newton,,,,Nordblom Company,No,$150/month for unassigned garage; $175/month for assigned/premier garage,The resident must pay for each additional space.,f,Apartments,0,22,23,0,45,0,0,0,0,0,0,0,0,0,0,0,11,12,0,23,,,,,0,0,0,0,0,90,0,44,90,44,0,68,68,0.488889,0.647059,1.32353,1.32353,42.3504,-71.2081,3345,11.5563,7.16167,18.718,87,33797,f,f,0,2,1,0.338235,33,35,0,1.51471,0.485294,0.514706,0,3000,1985.29,90,f,0,150,0.05,0.0755556,phase 4
1514,315,25017373902,160,Boylston Street,2467,Newton,,,,AvalonBay Communities,No,125,The resident must pay for each additional space.,f,Apartments,5,36,113,50,204,0,0,0,0,0,0,1,2,0,3,1,8,25,9,43,,,,,0,0,0,0,15,372,13,223,387,236,0,204,201,0.609819,1.17413,1.89706,1.89706,42.3199,-71.1736,0,0,0,0,64,0,f,f,0,3,1,0.210784,41,111,49,2.0398,0.20398,0.552239,0.243781,2981.62,1458.63,24.8,t,0,125,0.0419236,0.0856967,phase 4
1515,316,25017374100,99,Needham Street,2461,Newton,,,,AvalonBay Communities,Yes,,The resident must pay for each additional space.,f,Apartments,9,90,139,59,297,0,0,0,0,0,0,2,5,0,7,0,24,35,15,74,,,,,0,0,0,0,111,348,65,260,459,325,0,297,290,0.708061,1.12069,1.54545,1.54545,42.3141,-71.2133,4934,7.22917,12.9438,20.173,76,28719,f,f,0,3,1,0.249158,96,136,58,1.86897,0.331034,0.468966,0.2,2784.51,1492.78,3.13514,t,1,0,0,0,phase 4
1516,317,25017365202,528,Boston Post Road,1776,Sudbury,,,,Avalon Bay Communities,Yes,N/A,The resident must pay for each additional space.,f,Apartments,0,94,75,17,186,0,0,0,0,0,0,3,4,0,7,0,31,25,7,63,,,,,0,0,0,0,185,250,82,200,435,282,0,249,242,0.648276,1.16529,1.74699,1.74699,42.3611,-71.4299,4770,0.905266,0.960556,1.86582,52,3442,f,f,0,3,1,0.253012,122,98,22,1.58678,0.504132,0.404959,0.0909091,3000,1891.53,1.35135,f,1,0,0,0,phase 4
1517,318,25017370104,100,Woodview Way,2472,Watertown,,,,Bell Partners Inc.,Yes,N/A,There is no option for additional parking.,f,Apartments,0,73,65,1,139,0,0,0,0,0,0,1,4,1,6,0,8,8,0,16,,,,,0,0,0,0,218,0,197,0,218,197,0,155,149,0.90367,1.32215,1.40645,1.40645,42.3701,-71.2102,0,0,0,0,61,0,f,f,0,3,1,0.103226,78,70,1,1.48322,0.52349,0.469799,0.00671141,2489.21,1679.61,0,f,1,0,0,0,phase 4
1518,319,25017370302,1,Arsenal Yards,2472,Watertown,,,,Bozzuto,No,$150 for assigned parking space and $100 for unassigned,The resident must pay for each additional space.;Parking is not included with rent/purchase price; residents pay for each space requested.,t,Apartments,55,139,60,3,257,0,0,0,0,0,6,32,12,3,53,10,24,10,1,45,,,,,0,0,0,0,0,380,0,269,380,269,0,302,249,0.707895,1.08032,1.25828,1.25828,42.3616,-71.159,0,0,0,0,76,0,f,f,0,3,1,0.149007,188,58,3,1.25703,0.75502,0.232932,0.0120482,3000,2387,380,f,0,100,0.0333333,0.0418936,phase 4
1519,320,25017370401,341,Mt Auburn St,2472,Watertown,,,,HallKeen Assisted Living Corporation,No,No cost--as assisted living; few residents ever need to park and we have more than enough.,Other; please specify,t,Apartments,20,0,0,0,20,0,0,0,0,0,0,0,0,0,0,42,0,0,0,42,,,,,0,0,0,0,31,0,9,0,31,9,0,62,62,0.290323,0.145161,0.5,0.5,42.3687,-71.1695,0,0,0,0,69,0,f,f,0,2,1,0.677419,62,0,0,1,1,0,0,1250,1250,0,f,0,0,0,0,phase 4
1520,321,25017361200,70,Beharrell Street,1742,Concord,,,,Winn Residential,Yes,,The resident must pay for each additional space.,f,Apartments,4,31,31,0,66,0,0,0,0,0,0,0,0,0,0,0,4,4,0,8,,,,,0,0,0,0,200,86,15,68,286,83,0,74,74,0.29021,1.12162,3.86486,3.86486,42.4585,-71.395,7556,0,0,0,69,0,f,f,0,2,1,0.108108,39,35,0,1.47297,0.527027,0.472973,0,2837.12,1930.41,0.43,f,1,0,0,0,phase 4
1521,322,25021403501,300,2nd Avenue,2494,Needham,,,,UDR,No,$40/$100/$150/$215 - Tiered Parking,Parking is not included with rent/purchase price; residents pay for each space requested.,f,Apartments,0,189,73,0,262,0,0,0,0,0,0,2,5,0,7,0,63,25,0,88,,,,,0,0,0,0,137,0,118,0,137,118,0,350,343,0.861314,0.344023,0.391429,0.391429,42.3026,-71.2128,0,0,0,0,44,0,f,f,0,3,1,0.251429,247,96,0,1.27988,0.720117,0.279883,0,1750,1368.66,0,f,0,40,0.0228571,0.0292257,phase 4
1522,323,25017370103,120,Pleasant St,2472,Watertown,,,,Aircommunities/AIMCO,No,Uncovered parking is 55$ monthly and covered parking is 105$ per month.,The resident must pay for each additional space.;Parking is not included with rent/purchase price; residents pay for each space requested.,f,Apartments,10,25,9,0,44,0,0,0,0,0,0,0,0,0,0,0,1,1,0,2,,,,,0,0,0,0,15,44,15,26,59,41,0,46,46,0.694915,0.891304,1.28261,1.28261,42.366,-71.1915,0,0,0,0,86,0,f,f,0,2,1,0.0434783,37,9,0,1.19565,0.804348,0.195652,0,2943.18,2443.4,2.93333,t,0,55,0.0186873,0.0225097,phase 4
1523,324,25017365201,187,Boston Post Road,1776,Sudbury,,,,Barkan Management Co,Yes,,Other; please specify,f,Apartments,0,117,3,0,120,0,0,0,0,0,0,0,0,0,0,0,0,0,0,0,,,,,0,0,0,0,80,46,57,39,126,96,0,120,120,0.761905,0.8,1.05,1.05,42.3613,-71.3989,5950,1.50459,1.11638,2.62097,33,0,f,f,0,3,1,0,117,3,0,1.025,0.975,0.025,0,1262.5,1231.71,0.575,f,1,0,0,0,phase 4
1524,325,25017370401,160,Arsenal St,2472,Watertown,,,,Greystar,No,$85 for uncovered garage; $110 for covered garage; and $135 for heated garage,Parking is not included with rent/purchase price; residents pay for each space requested.,t,Apartments,62,118,62,4,246,0,0,0,0,0,0,5,1,0,6,8,16,10,1,35,,,,,0,0,0,0,4,356,1,283,360,284,0,281,275,0.788889,1.03273,1.28114,1.28114,42.3647,-71.1754,0,0,0,0,87,0,f,f,0,3,1,0.124555,202,69,4,1.28,0.734545,0.250909,0.0145455,2807.85,2235.2,89,f,0,85,0.0302723,0.038028,phase 4
1525,326,25017370401,202,Arsenal St,2472,Watertown,,,,Gables Residential,No,$100 per vehicle garage parking.,Parking is not included with rent/purchase price; residents pay for each space requested.,t,Apartments,0,179,82,5,266,0,0,0,0,0,0,7,6,0,13,0,20,9,1,30,,,,,0,0,0,0,16,503,3,391,519,394,0,296,283,0.759152,1.39223,1.75338,1.75338,42.3646,-71.174,0,0,0,0,84,0,f,f,0,3,1,0.101351,191,87,5,1.34276,0.674912,0.30742,0.0176678,2828.54,2152.33,31.4375,t,0,100,0.0353539,0.0464612,phase 4
1526,327,25017374500,12-24,Curve Street,2465,Newton,,,,Newton Community Development Foundation; Inc.,Yes,,The resident must pay for each additional space.,f,Apartments,0,0,0,0,0,0,0,0,0,0,0,0,0,0,0,0,1,4,2,7,,,,,0,0,0,0,12,0,4,0,12,4,0,7,7,0.333333,0.571429,1.71429,1.71429,42.3464,-71.2352,4584,7.81325,3.20848,11.0217,62,55378,f,f,0,1,0,1,3,3,1,1.71429,0.428571,0.428571,0.142857,0,0,0,f,1,0,0,0,phase 4
1527,328,25017374700,192,Lexington Street,2466,Newton,,,,not known,Yes,,There is no option for additional parking.,f,Condos,0,0,0,0,0,0,0,0,0,0,0,0,0,0,0,0,0,0,10,10,,,,,0,0,0,0,19,0,18,0,19,18,0,10,10,0.947368,1.8,1.9,1.9,42.3542,-71.2428,4651,0,0,0,58,0,f,f,0,1,0,1,4,5,1,1.7,0.4,0.5,0.1,0,0,0,f,1,0,0,0,phase 4
1528,329,25017373700,45,Pelham Street,2459,Newton,,,,Newton Housing Authority,Yes,,There is no option for additional parking.,f,Apartments,0,0,0,0,0,0,0,0,0,0,0,0,0,0,0,4,6,0,0,10,,,,,0,0,0,0,5,0,0,0,5,0,0,10,10,0,0,0.5,0.5,42.3313,-71.1965,3580,7.36695,4.03214,11.3991,81,31862,f,f,0,1,0,1,4,5,1,1.7,0.4,0.5,0.1,0,0,0,f,1,0,0,0,phase 4
1529,330,25017370104,3,Repton Circle,2472,Watertown,,,,First Realty Management,Yes,,Other; please specify,t,Condos,0,0,0,0,151,0,0,0,0,0,0,0,0,0,0,0,0,0,0,28,,,,,385000,475000,630000,0,222,135,120,97,357,217,0,179,179,0.607843,1.21229,1.99441,1.99441,42.3673,-71.2114,0,0,0,0,69,0,f,f,0,3,1,0.156425,94,73,12,1.5419,0.52514,0.407821,0.0670391,0,0,0.608108,f,1,0,0,0,phase 4
1530,331,25017370104,290,Pleasant St,2472,Watertown,,,,J A Wood Management,Yes,,There is no option for additional parking.,f,Condos,0,0,0,0,0,0,56,0,0,56,0,0,0,0,0,0,3,0,0,3,,,,,0,675000,0,0,109,0,77,0,109,77,0,59,59,0.706422,1.30508,1.84746,1.84746,42.3679,-71.1982,0,0,0,0,79,0,f,f,0,2,0,0.0508475,59,0,0,1,1,0,0,675000,675000,0,t,1,0,0,0,phase 4
1531,332,25017370104,60,Howard St,2472,Watertown,,,,Lincoln Property Company,No,$125.00,Parking is not included with rent/purchase price; residents pay for each space requested.,f,Apartments,0,35,20,11,66,0,0,0,0,0,0,2,1,0,3,0,4,2,1,7,,,,,0,0,0,0,12,99,10,66,111,76,0,73,70,0.684685,1.08571,1.52055,1.52055,42.3688,-71.1954,0,0,0,0,84,0,f,f,0,2,1,0.0958904,37,21,12,1.64286,0.528571,0.3,0.171429,2602.27,1590.28,8.25,t,0,125,0.0480349,0.0786026,phase 4
1532,333,25021400202,150,Pleasant St,2446,Brookline,,,,Peabody Properties; Inc.,No,Parking is included in purchase price for Condos only - Rental apts. have to pay $95 monthly.,Other; please specify,f,Apartments,0,0,0,0,39,0,0,0,0,0,0,0,1,0,1,0,3,13,3,19,,,,,0,500000,1000000,2000000,1,68,1,49,69,50,0,58,57,0.724638,0.877193,1.18966,1.18966,42.348,-71.1185,0,0,0,0,75,0,f,f,0,2,1,0.327586,26,26,5,1.63158,0.45614,0.45614,0.0877193,0,0,68,f,0,0,0,0,phase 4
1533,334,25021457200,83,Pickering Street,0,Needham,,,,Crowninshield Management,Yes,,Other; please specify,f,Apartments,0,24,4,0,28,0,0,0,0,0,0,0,0,0,0,0,0,0,0,0,,,,,0,0,0,0,52,0,21,0,52,21,0,28,28,0.403846,0.75,1.85714,1.85714,42.2823,-71.2337,5913,7.37359,18.2315,25.6051,90,11289,f,f,0,2,1,0,24,4,0,1.14286,0.857143,0.142857,0,1321.43,1156.25,0,f,1,0,0,0,phase 4
1534,335,25017370104,345,Pleasant St,2472,Watertown,,,,NORTHERN PROPERTY MANAGEMENT INC,Yes,,The resident must pay for each additional space.,f,Apartments,1,2,18,0,21,0,0,0,0,0,0,0,0,0,0,1,0,4,0,5,,,,,0,0,0,0,38,0,33,0,38,33,0,26,26,0.868421,1.26923,1.46154,1.46154,42.3679,-71.2002,0,0,0,0,73,0,f,f,0,2,1,0.192308,4,22,0,1.84615,0.153846,0.846154,0,2892.86,1557.69,0,t,1,0,0,0,phase 4
1535,336,25017370402,101,N Beacon St,2472,Watertown,,,,Peacock Properties; LLC,Yes,,Other; please specify,f,Condos,0,0,0,0,0,0,7,17,0,24,0,0,0,0,0,0,1,3,0,4,,,,,0,630000,850000,0,39,0,15,0,39,15,0,28,28,0.384615,0.535714,1.39286,1.39286,42.3641,-71.1792,0,0,0,0,92,0,f,f,0,2,0,0.142857,8,20,0,1.71429,0.285714,0.714286,0,785833,460000,0,t,1,0,0,0,phase 4
1536,337,25017370301,319,Arlington St,2472,Watertown,,,,HallKeen,Yes,,The resident must pay for each additional space.,f,Apartments,0,4,19,0,23,0,0,0,0,0,0,1,0,0,1,0,12,3,0,15,,,,,0,0,0,0,60,0,28,0,60,28,0,38,37,0.466667,0.756757,1.57895,1.57895,42.3734,-71.1572,0,0,0,0,88,0,f,f,0,2,1,0.394737,6,31,0,1.83784,0.162162,0.837838,0,2576.09,1410.71,0,f,1,0,0,0,phase 4
1537,338,25017374600,429,Cherry Street,2465,Newton,,,,Young Company,Yes,N/A,There is no option for additional parking.,f,Condos,0,0,0,0,0,0,0,9,0,9,0,0,0,0,0,0,1,3,0,4,,,,,0,690000,808800,0,1,18,0,12,19,12,0,13,13,0.631579,0.923077,1.46154,1.46154,42.3497,-71.2289,5191,7.98762,4.93626,12.9239,77,22397,f,f,0,1,0,0.307692,0,13,0,2,0,1,0,808800,404400,18,f,1,0,0,0,phase 4
1538,339,25021403501,275,2nd Avenue,2494,Needham,,,,Needham Residential LLC/Toll Brothers,No,125,Parking is not included with rent/purchase price; residents pay for each space requested.,f,Apartments,0,0,0,0,390,0,0,0,0,0,0,0,0,0,0,0,0,0,0,0,,,,,0,0,0,0,6,526,5,237,532,242,0,390,390,0.454887,0.620513,1.3641,1.3641,42.3014,-71.2156,0,0,0,0,37,0,f,f,0,3,1,0,203,160,27,1.54872,0.520513,0.410256,0.0692308,0,0,87.6667,t,0,125,0,0,phase 4
1539,340,25017361200,1,Nathan Pratt Drive,1742,Concord,,,,Greystar,Yes,Uncovered parking is free; garages are $250/month for single and $300/month for double,The resident must pay for each additional space.,f,Apartments,0,99,98,65,262,0,0,0,0,0,0,5,3,1,9,0,33,49,6,88,,,,,0,0,0,0,446,0,371,0,446,371,0,350,341,0.831839,1.08798,1.27429,1.27429,42.4365,-71.4272,7556,6.05282,3.1878,9.24062,28,899,f,f,0,3,1,0.251429,128,128,85,1.8739,0.375367,0.375367,0.249267,2623.09,1402.55,0,f,1,0,0,0,phase 4
1540,341,25017373300,845,Washington Street,2466,Newton,,,,Mark Management,No,$175,The resident must pay for each additional space.;Parking is not included with rent/purchase price; residents pay for each space requested.,f,Apartments,9,50,42,4,105,0,0,0,0,0,1,0,1,1,3,4,15,14,2,35,,,,,0,0,0,0,99,210,8,120,309,128,0,140,137,0.414239,0.934307,2.20714,2.20714,42.3516,-71.2084,3205,11.5911,11.6208,23.2119,87,69530,f,f,0,3,1,0.25,77,55,5,1.47445,0.562044,0.40146,0.0364963,3000,3000,2.12121,f,0,175,0.0583333,0.0583333,phase 4
1541,342,25017361200,223,Laws Brook Rd,1742,Concord,,,,Warner Woods LLC,Yes,Assigned garage parking optional at $100 per month,The resident must pay for each additional space.;Other; please specify,f,Apartments,6,30,44,0,80,0,0,0,0,0,0,0,0,0,0,0,10,6,0,16,,,,,0,0,0,0,80,64,42,49,144,91,0,96,96,0.631944,0.947917,1.5,1.5,42.4586,-71.4052,7556,0,0,0,51,0,f,f,0,2,1,0.166667,43,53,0,1.55208,0.447917,0.552083,0,2487.5,1604.84,0.8,f,1,0,0,0,phase 4
1542,343,25017370104,330-350,Pleasant St,2472,Watertown,,,,Lincoln Property Company,No,$125 Per Month,Parking is not included with rent/purchase price; residents pay for each space requested.,t,Apartments,0,57,24,3,84,0,0,0,0,0,0,21,10,2,33,0,8,6,1,15,,,,,0,0,0,0,12,106,5,66,118,71,0,99,66,0.601695,1.07576,1.19192,1.19192,42.3676,-71.2001,0,0,0,0,73,0,f,f,0,2,1,0.151515,45,19,2,1.34848,0.681818,0.287879,0.030303,2419.64,1782.89,8.83333,t,0,125,0.0516605,0.0701107,phase 4
1543,344,25017370104,1,Repton Place,2472,Watertown,,,,Bozzuto Management Company,No,$95/month for garage; free for surface space,,t,Apartments,7,73,86,8,174,0,0,0,0,0,0,3,10,1,14,2,11,17,2,32,,,,,0,0,0,0,215,168,168,117,383,285,0,206,192,0.744125,1.48438,1.85922,1.85922,42.3678,-71.2105,0,0,0,0,69,0,f,f,0,3,1,0.15534,88,95,9,1.58854,0.458333,0.494792,0.046875,2732.95,2312.5,0.781395,t,0,0,0,0,phase 4
1544,345,25017370403,20,Watertown St,2472,Watertown,,,,Equity Residential,No,$125./pm,Parking is not included with rent/purchase price; residents pay for each space requested.,f,Apartments,17,62,47,0,126,0,0,0,0,0,1,1,1,0,3,2,2,4,0,8,,,,,0,0,0,0,22,191,9,146,213,155,0,134,131,0.7277,1.18321,1.58955,1.58955,42.3643,-71.1874,0,0,0,0,93,0,f,f,0,3,1,0.0597015,82,49,0,1.37405,0.625954,0.374046,0,2966.27,2160.4,8.68182,t,0,125,0.0421405,0.0578595,phase 4
1545,346,25017374400,1940,Washington Street,2466,Newton,,,,National Development,Yes,N/A,The resident must pay for each additional space.,f,Apartments,0,58,79,7,144,0,0,0,0,0,0,4,5,0,9,0,17,17,6,40,,,,,0,0,0,0,0,278,0,173,278,173,0,184,175,0.622302,0.988571,1.51087,1.51087,42.3313,-71.2397,6359,4.98576,1.49216,6.47792,27,21411,f,f,0,3,1,0.217391,70,96,9,1.65143,0.4,0.548571,0.0514286,3000,1822.78,278,t,1,0,0,0,phase 4
